dest_npa_data_fv_stats_view__dti,dest_npa_data_fv_stats_view__term,dest_npa_data_fv_stats_view__grade,dest_npa_data_fv_stats_view__purpose,dest_npa_data_fv_stats_view__int_rate,dest_npa_data_fv_stats_view__zip_code,dest_npa_data_fv_stats_view__loan_amnt,dest_npa_data_fv_stats_view__sub_grade,dest_npa_data_fv_stats_view__total_acc,dest_npa_data_fv_stats_view__addr_state,dest_npa_data_fv_stats_view__annual_inc,dest_npa_data_fv_stats_view__recoveries,dest_npa_data_fv_stats_view__revol_util,dest_npa_data_fv_stats_view__tot_cur_bal,dest_npa_data_fv_stats_view__tot_coll_amt,dest_npa_data_fv_stats_view__last_week_pay,dest_npa_data_fv_stats_view__total_rec_int,dest_npa_data_fv_stats_view__batch_enrolled,dest_npa_data_fv_stats_view__home_ownership,dest_npa_data_fv_stats_view__total_rev_hi_lim,dest_npa_data_fv_stats_view__initial_list_status
28.53,36 months,D,medical,17.57,225xx,1600,D4,30,VA,48000.0,0.0,60.5,186034.0,0.0,26th week,129.81, ,MORTGAGE,34100.0,w
7.42,36 months,C,other,12.05,912xx,15000,C1,28,CA,174000.0,0.0,59.1,17465.0,0.0,4th week,130.54,BAT2803411,MORTGAGE,17300.0,w
22.32,36 months,B,debt_consolidation,11.53,220xx,15000,B5,16,VA,89000.0,0.0,94.2,40220.0,0.0,31th week,912.94,BAT1184694,RENT,20000.0,f
27.13,36 months,B,debt_consolidation,13.11,786xx,10000,B4,17,TX,49500.0,0.0,57.8,53137.0,0.0,104th week,1880.92,BAT5341619,RENT,10900.0,w
18.91,60 months,C,house,12.29,430xx,13500,C1,29,OH,79534.0,0.0,88.9,249342.0,0.0,39th week,1173.2, ,MORTGAGE,39300.0,w
26.52,36 months,C,debt_consolidation,12.99,191xx,10000,C1,27,PA,39000.0,0.0,68.7,185444.0,0.0,65th week,1351.26,BAT2003848,MORTGAGE,17000.0,f
18.53,60 months,C,debt_consolidation,13.66,362xx,13000,C3,20,AL,80000.0,0.0,81.2,52815.0,0.0,52th week,1647.11,BAT4694572,MORTGAGE,24000.0,w
21.46,60 months,C,credit_card,12.99,548xx,20000,C1,54,WI,75000.0,0.0,43.4,266563.0,0.0,83th week,3643.8, ,MORTGAGE,50200.0,f
13.85,60 months,F,debt_consolidation,23.99,926xx,11500,F2,24,CA,27600.0,0.0,31.4,9151.0,0.0,18th week,892.03, ,OWN,13200.0,f
12.4,36 months,C,debt_consolidation,12.29,480xx,3000,C1,16,MI,17232.0,0.0,19.3,3049.0,0.0,22th week,154.64,BAT3873588,RENT,15800.0,w
9.17,36 months,C,debt_consolidation,16.29,769xx,13000,C4,14,TX,36000.0,0.0,75.7,8478.0,0.0,148th week,3500.2, ,RENT,11200.0,f
21.65,36 months,D,debt_consolidation,17.86,070xx,8000,D5,12,NJ,47000.0,0.0,51.2,26897.0,0.0,56th week,1383.38, ,OWN,11400.0,f
21.46,36 months,B,debt_consolidation,14.09,483xx,10225,B5,32,MI,43616.0,0.0,73.5,139554.110791886,213.562221669413,135th week,2314.35,BAT3943761,RENT,32080.5729185358,f
18.58,36 months,G,other,25.83,757xx,17025,G2,26,TX,52000.0,0.0,55.9,34792.0,0.0,70th week,4953.58, ,RENT,17700.0,f
6.19,60 months,B,debt_consolidation,12.49,029xx,20000,B5,10,RI,70000.0,0.0,64.2,16511.0,0.0,70th week,3013.62,BAT2333412,RENT,11500.0,w
11.65,36 months,B,credit_card,9.17,076xx,21000,B2,20,NJ,65000.0,0.0,53.4,16436.0,0.0,17th week,597.04,BAT4271519,OWN,12900.0,w
14.51,36 months,A,debt_consolidation,5.32,773xx,10000,A1,22,TX,80000.0,0.0,15.3,138800.0,0.0,NAth week,0.0,BAT2803411,MORTGAGE,113300.0,w
25.27,60 months,C,debt_consolidation,13.66,930xx,12000,C3,26,CA,83146.0,0.0,27.7,87848.0,100.0,52th week,1511.31,BAT4694572,RENT,35400.0,f
12.65,36 months,A,debt_consolidation,7.89,206xx,25000,A5,31,MD,93000.0,0.0,33.5,448973.0,0.0,22th week,759.07, ,MORTGAGE,36300.0,w
5.09,60 months,C,credit_card,13.99,342xx,15000,C4,21,FL,95000.0,0.0,53.0,10073.0,0.0,NAth week,0.0,BAT2803411,OWN,19000.0,w
23.04,36 months,B,debt_consolidation,11.14,105xx,21725,B2,17,NY,72000.0,0.0,41.0,205444.0,3910.0,92th week,3217.91,BAT2428731,MORTGAGE,33000.0,f
14.51,36 months,B,debt_consolidation,12.99,782xx,12000,B4,18,TX,86460.0,0.0,87.5,231625.0,0.0,117th week,2363.66,BAT4351734,MORTGAGE,35900.0,f
23.0,36 months,B,debt_consolidation,11.67,554xx,13000,B4,26,MN,42000.0,0.0,71.1,59861.0,0.0,83th week,1872.24, ,RENT,17500.0,f
1.69,60 months,D,home_improvement,16.99,543xx,13000,D3,14,WI,93000.0,0.0,23.6,7836.0,609.0,31th week,1233.83, ,MORTGAGE,11200.0,w
18.15,60 months,A,credit_card,7.89,144xx,24000,A5,60,NY,90000.0,0.0,7.0,98401.0,0.0,39th week,1346.17,BAT5924421,MORTGAGE,125500.0,w
20.77,36 months,B,debt_consolidation,9.17,322xx,9900,B1,18,FL,49000.0,0.0,59.7,43180.0,103.0,78th week,1069.42,BAT3193689,RENT,10700.0,f
18.25,36 months,A,debt_consolidation,7.89,438xx,9600,A5,21,OH,35900.0,0.0,88.3,24815.0,0.0,9th week,120.47, ,RENT,28100.0,w
24.64,60 months,C,medical,15.61,452xx,10000,C4,35,OH,45000.0,0.0,45.1,38983.0,0.0,100th week,2590.87, ,RENT,10600.0,f
21.12,36 months,D,debt_consolidation,19.72,760xx,13200,D5,17,TX,45000.0,1350.8,72.3,34450.0,0.0,100th week,3713.6,BAT5341619,RENT,19100.0,f
21.58,36 months,B,debt_consolidation,9.17,841xx,21000,B2,16,UT,65000.0,0.0,80.0,173266.0,0.0,31th week,1013.85,BAT1184694,OWN,27000.0,f
33.67,36 months,E,debt_consolidation,20.8,208xx,35000,E1,19,MD,100900.0,0.0,81.5,33993.0,0.0,109th week,10703.47,BAT5525466,OWN,36641.0,f
18.28,36 months,A,credit_card,7.89,775xx,7200,A5,45,TX,56000.0,0.0,38.7,120336.0,406.0,39th week,380.13,BAT1104812,OWN,22500.0,w
3.98,36 months,B,debt_consolidation,12.69,335xx,4200,B5,10,FL,35000.0,0.0,66.0,139554.110791886,213.562221669413,9th week,87.73,BAT5046385,MORTGAGE,32080.5729185358,f
11.36,36 months,A,home_improvement,8.9,947xx,11975,A5,17,CA,116000.0,0.0,45.5,501252.0,0.0,122th week,1613.74,BAT4351734,MORTGAGE,25700.0,f
24.34,36 months,B,debt_consolidation,12.12,100xx,12000,B3,20,NY,60000.0,0.0,65.6,70553.0,0.0,52th week,1046.91,BAT5811547,MORTGAGE,34200.0,f
15.08,36 months,A,credit_card,5.32,078xx,9000,A1,13,NJ,39000.0,0.0,65.1,130058.0,0.0,26th week,183.89,BAT3873588,MORTGAGE,17500.0,w
23.96,36 months,D,debt_consolidation,16.55,350xx,16800,D2,26,AL,40000.0,0.0,61.5,134152.0,0.0,17th week,865.55,BAT4271519,MORTGAGE,38100.0,w
15.16,36 months,A,credit_card,6.39,405xx,28000,A2,27,KY,115000.0,0.0,30.6,218240.0,0.0,44th week,1309.05,BAT4136152,OWN,76100.0,f
13.17,36 months,B,credit_card,10.99,467xx,8000,B2,37,IN,93000.0,0.0,61.3,114264.0,0.0,113th week,1299.33,BAT2575549,MORTGAGE,31500.0,f
16.18,60 months,E,debt_consolidation,20.99,078xx,35000,E5,29,NJ,120000.0,0.0,67.8,280406.0,0.0,26th week,2960.69, ,MORTGAGE,13400.0,w
22.84,60 months,E,debt_consolidation,19.19,410xx,11550,E3,17,KY,33000.0,0.0,34.0,18619.0,0.0,26th week,1030.14, ,RENT,24030.0,w
17.14,36 months,A,debt_consolidation,7.89,441xx,7500,A5,22,OH,49859.0,0.0,40.7,137439.0,0.0,44th week,426.8, ,MORTGAGE,40300.0,w
12.98,36 months,A,credit_card,8.9,060xx,35000,A5,31,CT,90000.0,0.0,44.6,347836.0,0.0,65th week,3256.55, ,MORTGAGE,79000.0,f
12.6,36 months,C,major_purchase,13.67,761xx,15000,C4,38,TX,49500.0,0.0,26.1,12901.0,0.0,4th week,159.48,BAT2803411,MORTGAGE,18400.0,w
26.66,36 months,A,credit_card,7.12,873xx,21000,A3,48,NM,97102.0,0.0,18.5,270481.0,0.0,70th week,1609.26,BAT2333412,MORTGAGE,78500.0,f
34.32,60 months,E,debt_consolidation,19.19,807xx,14400,E3,25,CO,40000.0,0.0,88.5,37755.0,0.0,13th week,496.63,BAT2252229,RENT,31100.0,w
8.98,36 months,D,other,13.55,770xx,4000,D4,15,TX,56004.0,0.0,96.5,139554.110791886,213.562221669413,156th week,890.03,BAT2143459,OTHER,32080.5729185358,f
22.01,36 months,B,debt_consolidation,11.99,445xx,26600,B3,34,OH,85000.0,0.0,42.3,77765.0,0.0,17th week,529.94,BAT5629144,MORTGAGE,73100.0,w
9.25,36 months,A,debt_consolidation,7.9,064xx,6000,A4,34,CT,55681.0,0.0,24.9,12430.0,9315.0,100th week,649.81, ,RENT,19200.0,w
13.71,36 months,B,debt_consolidation,9.71,208xx,15000,B1,36,MD,85000.0,0.0,38.6,259449.0,0.0,104th week,2095.77,BAT2833642,MORTGAGE,51185.0,f
16.03,36 months,F,debt_consolidation,19.04,941xx,25000,F3,3,CA,95000.0,0.0,99.4,139554.110791886,213.562221669413,157th week,7977.35, ,RENT,32080.5729185358,f
2.87,36 months,B,major_purchase,9.99,061xx,7500,B4,6,CT,27168.0,0.0,14.6,139554.110791886,213.562221669413,91th week,916.51,BAT5597801,OWN,32080.5729185358,f
13.35,60 months,G,small_business,27.31,208xx,35000,G2,18,MD,124000.0,0.0,83.3,48532.0,0.0,13th week,1533.64, ,RENT,23300.0,w
33.3,36 months,D,debt_consolidation,16.29,396xx,35000,D2,45,MS,84498.0,0.0,86.8,225574.0,0.0,87th week,7371.88, ,MORTGAGE,65900.0,w
15.69,36 months,D,debt_consolidation,16.99,310xx,11800,D3,27,GA,73500.0,0.0,47.7,101101.0,634.0,17th week,635.39, ,MORTGAGE,8600.0,w
29.33,60 months,D,debt_consolidation,15.61,853xx,15000,D1,22,AZ,55806.4,0.0,96.2,241233.0,97.0,74th week,3002.42, ,MORTGAGE,34200.0,w
16.53,36 months,C,debt_consolidation,13.35,900xx,27000,C2,15,CA,80000.0,0.0,66.9,74203.0,0.0,61th week,3535.18, ,RENT,41100.0,f
12.51,36 months,D,debt_consolidation,16.55,342xx,9600,D2,21,FL,52000.0,0.0,66.7,152931.0,0.0,44th week,1172.57, ,MORTGAGE,12200.0,w
20.17,36 months,A,debt_consolidation,7.9,240xx,12000,A4,45,VA,74130.0,0.0,57.0,375877.0,0.0,91th week,1194.07,BAT1766061,MORTGAGE,34300.0,w
10.17,36 months,A,credit_card,8.39,222xx,20000,A5,37,VA,110000.0,0.0,60.6,265564.0,300.0,65th week,1780.61,BAT2333412,MORTGAGE,57900.0,f
22.46,36 months,B,credit_card,8.18,331xx,12000,B1,21,FL,60000.0,0.0,45.6,270022.0,0.0,17th week,304.16,BAT4271519,MORTGAGE,38500.0,f
14.56,36 months,B,debt_consolidation,9.99,108xx,20000,B3,16,NY,74000.0,0.0,25.2,25184.0,0.0,17th week,614.2,BAT4271519,RENT,45400.0,f
23.29,36 months,B,debt_consolidation,10.99,207xx,8500,B3,23,MD,35000.0,0.0,86.3,16450.0,0.0,35th week,622.67, ,RENT,9900.0,f
19.33,36 months,C,credit_card,13.99,666xx,22300,C4,20,KS,48500.0,0.0,89.7,32032.0,0.0,44th week,2310.72, ,RENT,35700.0,w
18.67,36 months,B,debt_consolidation,10.49,303xx,7800,B3,71,GA,120000.0,0.0,33.7,7775.0,0.0,39th week,284.71, ,RENT,21500.0,f
29.03,36 months,A,debt_consolidation,6.62,788xx,11000,A2,21,TX,34600.0,0.0,93.8,104011.0,0.0,122th week,1091.9,BAT4351734,MORTGAGE,21500.0,f
8.5,36 months,A,debt_consolidation,5.32,200xx,11000,A1,14,DC,83000.0,0.0,53.8,26026.0,0.0,9th week,112.54,BAT2252229,RENT,18800.0,w
14.06,36 months,D,car,16.59,951xx,10375,D2,22,CA,55000.0,0.0,22.5,26939.0,0.0,NAth week,0.0, ,RENT,22100.0,w
6.78,60 months,A,credit_card,7.89,773xx,24000,A5,17,TX,85000.0,0.0,59.7,260981.0,0.0,4th week,147.28,BAT1586599,OWN,31900.0,f
27.88,36 months,C,other,12.29,988xx,8000,C1,16,WA,48000.0,0.0,23.8,105672.0,0.0,39th week,662.11,BAT1104812,MORTGAGE,19700.0,w
33.3,60 months,C,debt_consolidation,13.99,486xx,10000,C4,32,MI,43000.0,0.0,66.0,88876.0,0.0,13th week,367.63,BAT1104812,MORTGAGE,15700.0,w
15.51,36 months,C,debt_consolidation,12.69,770xx,11000,C2,21,TX,52000.0,0.0,56.2,121516.0,0.0,43th week,1031.79,BAT5924421,OWN,21100.0,f
24.98,36 months,A,debt_consolidation,5.32,553xx,21600,A1,44,MN,120000.0,0.0,31.1,114533.0,0.0,26th week,531.07, ,RENT,60200.0,f
9.25,36 months,C,other,14.98,936xx,19500,C3,32,CA,106000.0,0.0,43.8,347299.0,0.0,100th week,4106.1, ,MORTGAGE,33900.0,w
21.04,60 months,F,other,25.57,641xx,23800,F5,15,MO,70000.0,0.0,10.3,26995.0,500.0,26th week,2424.67, ,RENT,10100.0,f
8.79,36 months,C,credit_card,14.99,800xx,5225,C5,20,CO,68000.0,0.0,67.6,21179.0,0.0,52th week,710.08, ,MORTGAGE,10100.0,f
20.07,60 months,D,debt_consolidation,17.57,234xx,25000,D4,36,VA,85000.0,0.0,56.3,43427.0,0.0,9th week,703.83, ,RENT,37400.0,w
15.96,36 months,B,debt_consolidation,12.35,932xx,4000,B4,27,CA,70000.0,0.0,46.3,240866.0,0.0,48th week,398.68, ,MORTGAGE,8600.0,f
11.74,36 months,D,renewable_energy,17.57,070xx,20000,D4,17,NJ,143000.0,0.0,79.6,492338.0,0.0,4th week,273.31, ,MORTGAGE,123300.0,f
32.15,36 months,D,other,15.61,060xx,3600,D1,17,CT,23400.0,0.0,90.4,10866.0,0.0,48th week,488.75, ,RENT,9500.0,w
37.17,36 months,B,debt_consolidation,10.99,370xx,21600,B4,37,TN,90000.0,0.0,53.4,152954.0,0.0,22th week,928.84, ,MORTGAGE,92000.0,w
18.99,36 months,D,debt_consolidation,16.29,912xx,16225,D2,26,CA,50000.0,0.0,23.5,23124.0,0.0,83th week,3300.07,BAT3461431,RENT,58400.0,w
18.21,60 months,C,debt_consolidation,12.69,774xx,30800,C2,14,TX,110000.0,0.0,79.5,211137.0,1282.0,9th week,604.08, ,MORTGAGE,30600.0,w
18.29,36 months,B,credit_card,8.18,950xx,4000,B1,15,CA,50000.0,0.0,48.9,27337.0,85.0,39th week,230.52, ,RENT,11300.0,w
15.69,36 months,C,debt_consolidation,14.64,641xx,9450,C3,16,MO,65000.0,0.0,31.9,66912.0,2605.0,44th week,1048.11,BAT2522922,MORTGAGE,19600.0,f
23.27,60 months,C,credit_card,12.69,173xx,35000,C2,28,PA,98700.0,0.0,76.4,319585.0,0.0,22th week,1756.31, ,MORTGAGE,70400.0,w
23.95,36 months,A,debt_consolidation,8.9,019xx,22850,A5,24,MA,78000.0,3860.0,33.2,280864.0,0.0,44th week,1505.39, ,MORTGAGE,49300.0,f
29.06,36 months,B,debt_consolidation,11.14,212xx,8000,B2,38,MD,50000.0,0.0,49.1,48120.0,0.0,152th week,1445.29, ,RENT,40400.0,w
25.13,36 months,B,credit_card,11.48,914xx,9500,B5,21,CA,50000.0,0.0,43.0,39167.0,0.0,NAth week,0.0,BAT2803411,RENT,31050.0,w
3.56,60 months,B,credit_card,10.49,301xx,12000,B3,30,GA,55000.0,0.0,41.5,9692.0,228.0,48th week,1064.4,BAT4694572,MORTGAGE,7000.0,w
19.4,36 months,A,debt_consolidation,8.19,850xx,13500,A5,11,AZ,36000.0,0.0,33.4,39956.0,0.0,52th week,937.24, ,RENT,11400.0,w
21.71,36 months,D,major_purchase,19.72,330xx,13250,D5,13,FL,55000.0,0.0,71.9,20856.0,0.0,126th week,4132.65, ,RENT,1100.0,f
12.85,60 months,E,debt_consolidation,21.99,911xx,29000,E4,39,CA,92000.0,0.0,69.1,20718.0,0.0,96th week,10398.84,BAT2522922,RENT,27700.0,f
17.27,36 months,B,credit_card,12.99,334xx,6600,B5,27,FL,36000.0,0.0,94.1,95513.0,0.0,87th week,1097.41,BAT5489674,RENT,10700.0,w
10.07,60 months,C,debt_consolidation,16.2,912xx,24000,C4,22,CA,82000.0,0.0,37.7,27222.0,0.0,74th week,4922.83,BAT2575549,RENT,58900.0,f
19.83,36 months,A,debt_consolidation,7.26,331xx,7500,A4,21,FL,62400.0,0.0,75.7,30471.0,0.0,13th week,129.7, ,RENT,20600.0,w
26.97,60 months,B,debt_consolidation,9.17,028xx,18000,B2,24,RI,59000.0,0.0,31.8,209467.0,0.0,9th week,259.52,BAT1586599,MORTGAGE,79500.0,f
31.2,60 months,E,debt_consolidation,19.19,313xx,25000,E3,27,GA,60000.0,0.0,84.5,175233.0,0.0,31th week,2685.2,BAT3726927,MORTGAGE,29100.0,w
17.68,36 months,B,debt_consolidation,10.16,600xx,6075,B1,8,IL,34000.0,0.0,66.5,139554.110791886,213.562221669413,156th week,995.89, ,RENT,32080.5729185358,f
10.16,36 months,B,debt_consolidation,9.99,951xx,28800,B3,31,CA,60000.0,0.0,27.6,38645.0,0.0,9th week,457.8,BAT2252229,RENT,140000.0,f
11.89,36 months,B,debt_consolidation,10.36,087xx,25000,B5,14,NJ,66887.0,0.0,47.2,139554.110791886,213.562221669413,69th week,1537.13, ,MORTGAGE,32080.5729185358,f
21.34,36 months,C,credit_card,15.31,939xx,16750,C2,28,CA,42000.0,0.0,44.5,23465.0,0.0,126th week,4064.84,BAT5849876,OWN,52700.0,f
11.66,36 months,A,credit_card,7.12,760xx,15000,A3,21,TX,85000.0,0.0,41.7,183632.0,0.0,65th week,1089.34,BAT2078974,MORTGAGE,32000.0,f
12.27,36 months,D,credit_card,19.52,189xx,4000,D4,9,PA,45000.0,0.0,56.8,13517.0,0.0,113th week,1192.43,BAT2575549,OWN,6200.0,w
25.34,36 months,B,debt_consolidation,11.53,112xx,8000,B5,26,NY,44000.0,0.0,30.4,29071.0,0.0,26th week,428.77, ,RENT,39000.0,f
12.7,36 months,A,credit_card,7.26,023xx,7000,A4,35,MA,95000.0,0.0,70.3,352980.0,0.0,26th week,235.3, ,MORTGAGE,42400.0,w
13.58,60 months,C,home_improvement,13.33,662xx,16000,C3,20,KS,107100.0,0.0,46.5,43074.0,0.0,39th week,1510.17, ,MORTGAGE,15100.0,w
15.82,60 months,C,debt_consolidation,12.99,214xx,12000,C2,19,MD,100000.0,0.0,7.4,32179.0,0.0,52th week,1435.48, ,RENT,28100.0,w
14.37,36 months,A,debt_consolidation,8.6,957xx,25050,A4,32,CA,70000.0,0.0,43.1,270467.0,0.0,39th week,1311.34,BAT4351734,MORTGAGE,90356.0,f
7.64,36 months,A,debt_consolidation,7.14,757xx,7000,A3,15,TX,65000.0,0.0,14.4,139554.110791886,213.562221669413,39th week,303.15,BAT357701,MORTGAGE,32080.5729185358,f
18.2,36 months,B,credit_card,11.71,117xx,20000,B3,18,NY,43000.0,0.0,84.2,139554.110791886,213.562221669413,22th week,928.7,BAT1942645,RENT,32080.5729185358,f
28.68,36 months,B,debt_consolidation,10.99,113xx,6000,B4,12,NY,60000.0,0.0,20.0,68888.0,0.0,9th week,101.27,BAT1586599,RENT,6300.0,w
26.7,36 months,B,debt_consolidation,8.18,681xx,10000,B1,17,NE,48000.0,0.0,52.5,57406.0,0.0,9th week,132.38,BAT1586599,RENT,12600.0,w
25.18,36 months,C,credit_card,14.47,641xx,12650,C2,26,MO,40753.0,0.0,50.6,116439.0,0.0,48th week,1592.41,BAT224923,MORTGAGE,14700.0,f
32.24,60 months,E,debt_consolidation,21.67,831xx,25000,E5,22,WY,50000.0,0.0,48.8,113060.0,0.0,35th week,3458.7, ,MORTGAGE,22000.0,w
23.45,60 months,D,debt_consolidation,16.99,432xx,25000,D3,40,OH,125000.0,0.0,68.1,89589.0,120.0,83th week,6023.27,BAT3461431,OWN,26800.0,w
6.45,36 months,B,major_purchase,11.99,637xx,12800,B3,26,MO,65500.0,0.0,68.7,246175.0,0.0,104th week,2186.53,BAT1766061,MORTGAGE,6000.0,w
10.33,60 months,B,debt_consolidation,11.99,900xx,24000,B5,31,CA,140000.0,0.0,34.4,477827.0,0.0,61th week,3046.98, ,MORTGAGE,58600.0,w
8.42,36 months,B,credit_card,8.18,211xx,21600,B1,20,MD,140000.0,0.0,37.4,23079.0,0.0,13th week,414.84,BAT1104812,RENT,15300.0,f
15.63,60 months,D,debt_consolidation,17.57,112xx,20000,D2,15,NY,120000.0,0.0,55.1,82097.0,0.0,61th week,3843.16, ,RENT,27600.0,f
25.33,36 months,B,credit_card,9.17,300xx,6000,B1,17,GA,20000.0,0.0,43.2,81269.0,0.0,74th week,616.15,BAT3193689,MORTGAGE,15000.0,f
19.09,36 months,D,debt_consolidation,17.57,797xx,4800,D4,25,TX,84000.0,0.0,66.0,251799.0,0.0,13th week,201.64, ,MORTGAGE,14000.0,f
17.64,60 months,E,home_improvement,17.06,086xx,10000,E4,13,NJ,70000.0,0.0,83.0,139554.110791886,213.562221669413,239th week,4869.24, ,MORTGAGE,32080.5729185358,f
35.56,36 months,D,medical,17.57,432xx,1200,D4,51,OH,59294.0,0.0,79.7,167103.0,0.0,13th week,49.24,BAT2252229,MORTGAGE,34600.0,w
8.84,60 months,F,debt_consolidation,22.45,480xx,20000,F1,16,MI,110000.0,0.0,86.1,207864.0,0.0,NAth week,0.0, ,RENT,50200.0,w
30.19,60 months,C,debt_consolidation,13.99,077xx,12000,C4,25,NJ,90000.0,0.0,43.4,232327.0,0.0,39th week,1231.67, ,RENT,102500.0,w
30.25,60 months,D,credit_card,16.99,279xx,11100,D1,19,NC,82000.0,0.0,97.0,390490.0,0.0,30th week,1063.89,BAT5629144,MORTGAGE,23000.0,f
19.11,36 months,B,credit_card,8.18,902xx,35000,B1,30,CA,107000.0,0.0,84.5,63846.0,66.0,31th week,1513.6,BAT3726927,RENT,30300.0,f
29.87,36 months,B,debt_consolidation,11.53,795xx,6000,B5,21,TX,36000.0,0.0,72.2,66865.0,80.0,31th week,370.94,BAT3726927,MORTGAGE,12900.0,f
34.05,36 months,C,credit_card,12.29,923xx,18000,C1,28,CA,65000.0,0.0,60.9,103828.0,150.0,9th week,407.45,BAT1586599,RENT,26000.0,f
25.2,36 months,B,debt_consolidation,10.99,956xx,16400,B4,16,CA,32813.0,0.0,48.7,26210.0,0.0,26th week,695.22, ,RENT,53800.0,w
21.81,36 months,B,credit_card,13.11,941xx,25000,B4,50,CA,140000.0,0.0,34.9,548511.0,0.0,131th week,5183.44,BAT2428731,MORTGAGE,52500.0,f
32.0,36 months,A,debt_consolidation,7.89,770xx,18500,A5,25,TX,57000.0,0.0,36.9,47558.0,0.0,31th week,820.08, ,MORTGAGE,35800.0,w
8.43,60 months,B,credit_card,13.67,946xx,11200,B5,32,CA,44604.0,0.0,91.0,326677.0,0.0,113th week,2782.79,BAT2575549,RENT,8600.0,f
12.29,60 months,C,home_improvement,13.06,668xx,25000,C2,20,KS,45000.0,78.21,75.0,139554.110791886,213.562221669413,217th week,8755.69,BAT20678,MORTGAGE,32080.5729185358,f
15.08,60 months,B,credit_card,9.99,110xx,24000,B3,38,NY,80000.0,0.0,51.8,32640.0,0.0,13th week,578.32, ,RENT,46100.0,w
14.8,36 months,A,credit_card,6.89,080xx,32000,A3,26,NJ,130000.0,0.0,62.8,196203.0,0.0,NAth week,0.0, ,MORTGAGE,52700.0,w
29.52,36 months,E,debt_consolidation,18.55,541xx,7050,E2,21,WI,23500.0,0.0,45.3,33569.0,0.0,31th week,706.35, ,RENT,13200.0,f
2.79,60 months,D,house,19.05,940xx,26500,D4,16,CA,60000.0,0.0,22.2,535401.0,0.0,78th week,6861.86,BAT1761981,MORTGAGE,34900.0,f
31.31,60 months,C,debt_consolidation,12.69,775xx,10975,C2,30,TX,45000.0,0.0,9.5,43312.0,0.0,31th week,767.14,BAT3726927,MORTGAGE,40300.0,w
9.94,36 months,B,debt_consolidation,12.49,980xx,8000,B5,10,WA,63000.0,0.0,53.0,22828.0,0.0,61th week,983.66,BAT3193689,RENT,16500.0,w
8.03,36 months,B,other,12.49,618xx,9600,B5,8,IL,33329.0,0.0,16.8,2651.0,0.0,61th week,1173.74,BAT2078974,RENT,11600.0,w
16.64,36 months,B,credit_card,10.99,170xx,30000,B2,63,PA,75000.0,0.0,55.2,210416.0,0.0,65th week,3476.12,BAT5489674,MORTGAGE,54200.0,w
4.92,60 months,C,debt_consolidation,14.65,801xx,35000,C5,29,CO,95000.0,0.0,28.2,13901.0,241.0,13th week,1041.58,BAT2252229,RENT,42600.0,f
16.51,36 months,A,debt_consolidation,6.62,706xx,12300,A2,25,LA,28000.0,0.0,16.1,139554.110791886,213.562221669413,96th week,1081.74,BAT1942645,OWN,32080.5729185358,f
13.54,36 months,D,debt_consolidation,16.99,070xx,19000,D3,14,NJ,60000.0,0.0,99.3,77648.0,0.0,31th week,1722.88,BAT3726927,RENT,22500.0,f
21.48,36 months,B,credit_card,9.99,402xx,11975,B1,19,KY,30000.0,0.0,65.8,139554.110791886,213.562221669413,157th week,1928.2,BAT4780022,RENT,32080.5729185358,f
15.85,60 months,D,credit_card,17.57,554xx,24000,D4,23,MN,110000.0,0.0,77.2,223675.0,0.0,13th week,984.49, ,OWN,16600.0,w
29.39,36 months,B,debt_consolidation,9.49,992xx,7800,B2,31,WA,22500.0,0.0,15.5,17200.0,0.0,57th week,674.19,BAT4722912,RENT,37800.0,f
8.0,36 months,A,credit_card,6.49,980xx,12000,A2,26,WA,110000.0,0.0,41.8,258702.0,0.0,48th week,613.69, ,MORTGAGE,35300.0,w
9.67,36 months,A,credit_card,6.89,553xx,10000,A3,20,MN,150000.0,0.0,32.6,434597.0,0.0,9th week,109.56,BAT2252229,MORTGAGE,57200.0,w
14.9,60 months,C,debt_consolidation,14.31,871xx,12000,C4,35,NM,82000.0,0.0,14.0,26153.0,0.0,57th week,1716.56,BAT4722912,MORTGAGE,34300.0,w
10.63,36 months,E,debt_consolidation,21.48,531xx,14700,E2,17,WI,41000.0,0.0,80.8,173149.0,329.0,100th week,4536.02,BAT224923,MORTGAGE,15500.0,f
25.59,60 months,D,home_improvement,15.61,729xx,20000,D1,31,AR,93500.0,0.0,41.1,127291.0,0.0,78th week,4100.76,BAT3193689,MORTGAGE,51000.0,w
7.05,36 months,B,car,11.53,972xx,4150,B5,6,OR,46800.0,0.0,18.2,8932.0,0.0,35th week,165.69,BAT1184694,RENT,49000.0,w
26.91,36 months,A,credit_card,6.39,064xx,25000,A2,42,CT,103000.0,0.0,55.0,294497.0,0.0,39th week,1066.6, ,OWN,49900.0,f
15.95,36 months,D,debt_consolidation,15.99,986xx,19600,D2,16,WA,49000.0,0.0,55.7,30996.0,0.0,52th week,2757.51, ,RENT,29100.0,f
29.29,60 months,B,home_improvement,13.11,302xx,12000,B4,17,GA,59000.0,0.0,59.4,139554.110791886,213.562221669413,196th week,4084.17, ,MORTGAGE,32080.5729185358,f
16.48,36 months,B,credit_card,10.15,554xx,8000,B2,23,MN,45000.0,0.0,74.9,47505.0,0.0,83th week,1005.85,BAT3461431,RENT,12000.0,w
5.23,36 months,B,debt_consolidation,9.17,606xx,10000,B2,10,IL,95000.0,0.0,86.6,265894.0,0.0,13th week,218.59,BAT2252229,MORTGAGE,16500.0,w
29.45,60 months,E,debt_consolidation,21.0,618xx,16000,E2,21,IL,50000.0,0.0,93.2,139554.110791886,213.562221669413,152th week,7854.41,BAT1135695,MORTGAGE,32080.5729185358,f
16.37,36 months,C,credit_card,14.33,945xx,12000,C1,18,CA,45000.0,0.0,74.0,32284.0,0.0,131th week,2733.93, ,RENT,9500.0,f
6.06,36 months,D,other,17.57,953xx,10000,D2,38,CA,135000.0,0.0,33.4,339514.0,0.0,57th week,1704.14,BAT5629144,MORTGAGE,1100.0,f
31.96,36 months,B,debt_consolidation,9.49,727xx,6150,B2,41,AR,38000.0,0.0,39.2,147253.0,0.0,48th week,462.44,BAT4694572,MORTGAGE,37900.0,w
30.21,60 months,C,debt_consolidation,14.65,601xx,22600,C5,33,IL,80000.0,0.0,34.3,48971.0,0.0,31th week,1716.04, ,MORTGAGE,74400.0,w
33.39,60 months,D,debt_consolidation,17.57,850xx,27175,D4,69,AZ,88000.0,0.0,71.2,430218.0,0.0,9th week,765.06,BAT1586599,MORTGAGE,21500.0,w
16.29,36 months,B,debt_consolidation,13.11,295xx,20000,B4,19,SC,76000.0,0.0,78.7,200290.0,0.0,161th week,4304.28, ,MORTGAGE,19200.0,f
21.7,36 months,D,debt_consolidation,16.55,841xx,11000,D2,16,UT,25000.0,0.0,46.4,10856.0,0.0,31th week,981.3,BAT3726927,RENT,9900.0,w
10.01,60 months,D,medical,17.57,380xx,12000,D4,12,TN,145952.0,0.0,72.9,295630.0,0.0,9th week,355.41,BAT1586599,MORTGAGE,18500.0,w
10.67,36 months,B,home_improvement,13.53,460xx,20000,B5,38,IN,150000.0,0.0,53.0,228657.0,0.0,65th week,2798.69,BAT1766061,MORTGAGE,30400.0,f
21.44,60 months,D,debt_consolidation,17.57,231xx,19800,D2,60,VA,75000.0,0.0,41.1,229345.0,203.0,61th week,3235.97, ,MORTGAGE,19500.0,f
16.79,36 months,B,credit_card,9.49,153xx,20000,B2,17,PA,65000.0,0.0,68.1,41528.0,0.0,52th week,1628.91, ,RENT,27800.0,f
16.52,60 months,F,credit_card,25.78,945xx,26050,F5,17,CA,62052.48,0.0,64.5,277657.0,0.0,31th week,3741.42,BAT3726927,MORTGAGE,46100.0,w
22.23,36 months,C,debt_consolidation,13.35,840xx,12000,C2,32,UT,80000.0,0.0,96.0,300128.0,132.0,87th week,2052.86,BAT2136391,MORTGAGE,18700.0,w
10.1,36 months,B,credit_card,9.17,430xx,24000,B2,22,OH,180000.0,0.0,82.3,292413.0,0.0,4th week,165.06, ,MORTGAGE,25600.0,w
25.34,60 months,C,debt_consolidation,15.8,423xx,20000,C3,42,KY,75000.0,0.0,45.0,108104.0,0.0,161th week,7338.94,BAT5811547,MORTGAGE,54200.0,f
29.77,36 months,D,debt_consolidation,17.57,571xx,25375,D4,30,SD,67000.0,0.0,62.0,102337.0,0.0,61th week,4437.54, ,RENT,51900.0,f
13.9,36 months,D,other,18.25,236xx,8800,D2,12,VA,62000.0,0.0,93.0,147065.0,0.0,96th week,2221.71, ,MORTGAGE,24200.0,f
15.23,60 months,D,debt_consolidation,16.89,787xx,20000,D4,27,TX,120000.0,0.0,71.1,139554.110791886,213.562221669413,196th week,7988.72,BAT4051248,RENT,32080.5729185358,f
26.88,36 months,A,debt_consolidation,9.25,958xx,9000,A5,15,CA,47500.0,0.0,46.6,29150.0,0.0,48th week,619.57,BAT1930365,RENT,27300.0,f
11.09,36 months,B,debt_consolidation,9.91,073xx,4500,B1,19,NJ,39000.0,0.0,45.0,139554.110791886,213.562221669413,143th week,706.32,BAT2015867,RENT,32080.5729185358,f
22.43,36 months,C,credit_card,13.35,468xx,7075,C2,33,IN,50000.0,0.0,21.9,141233.0,0.0,83th week,1169.26,BAT3461431,MORTGAGE,63100.0,w
26.27,60 months,F,debt_consolidation,22.99,079xx,35000,F1,33,NJ,120000.0,0.0,36.9,70454.0,0.0,35th week,5143.51,BAT1184694,RENT,51900.0,f
16.4,60 months,E,credit_card,18.84,452xx,35000,E2,14,OH,93000.0,0.0,97.9,232503.0,0.0,39th week,4663.85,BAT1104812,MORTGAGE,20200.0,f
20.12,36 months,B,other,14.09,958xx,6075,B5,28,CA,60000.0,0.0,55.2,49859.0,0.0,39th week,362.58, ,OWN,15800.0,f
14.26,36 months,D,medical,17.99,223xx,10000,D2,18,VA,82250.0,0.0,69.5,139554.110791886,213.562221669413,156th week,3011.99,BAT3372536,RENT,32080.5729185358,f
15.01,60 months,F,debt_consolidation,24.5,760xx,10000,F3,42,TX,120000.0,0.0,57.4,294197.0,0.0,65th week,3040.28, ,MORTGAGE,13700.0,w
22.69,36 months,C,other,13.67,410xx,6000,C4,30,KY,45000.0,0.0,65.9,155423.0,0.0,9th week,128.31,BAT1586599,OWN,17300.0,f
3.06,60 months,D,other,17.57,760xx,19200,D4,12,TX,80000.0,0.0,88.1,158340.0,0.0,22th week,1356.85,BAT1780517,MORTGAGE,8900.0,w
25.61,36 months,A,debt_consolidation,6.39,745xx,9000,A2,46,OK,117000.0,0.0,29.4,101838.0,0.0,35th week,345.92,BAT1104812,OWN,16000.0,w
16.56,36 months,B,debt_consolidation,11.99,770xx,10000,B3,40,TX,74000.0,0.0,35.3,225638.0,0.0,39th week,813.76,BAT2522922,MORTGAGE,20700.0,f
12.11,36 months,C,credit_card,13.33,926xx,12500,C3,16,CA,43000.0,0.0,54.7,20889.0,0.0,35th week,1011.15,BAT1104812,RENT,22900.0,w
18.81,36 months,A,debt_consolidation,5.32,235xx,24000,A1,33,VA,104000.0,0.0,32.1,61363.0,0.0,NAth week,0.0,BAT2803411,RENT,54000.0,w
21.32,60 months,C,debt_consolidation,14.31,481xx,10400,C4,25,MI,42432.0,0.0,57.4,24709.0,0.0,43th week,1157.37,BAT2558388,RENT,19700.0,w
16.66,36 months,C,debt_consolidation,14.65,908xx,8350,C5,13,CA,19000.0,0.0,35.9,6894.0,0.0,26th week,563.41,BAT3873588,RENT,19200.0,w
19.91,36 months,B,credit_card,12.49,320xx,6850,B5,42,FL,80000.0,0.0,61.0,197544.0,0.0,9th week,140.96,BAT3193689,MORTGAGE,41800.0,f
15.18,36 months,A,credit_card,7.26,704xx,16000,A4,21,LA,120000.0,0.0,48.2,74610.0,0.0,13th week,178.28,BAT2252229,RENT,33800.0,w
1.6,36 months,D,moving,20.31,125xx,1000,D5,7,NY,30000.0,0.0,8.5,604.0,0.0,78th week,253.21,BAT5525466,RENT,7100.0,w
12.39,36 months,A,debt_consolidation,8.9,944xx,14000,A5,7,CA,81000.0,0.0,67.0,25268.0,0.0,126th week,1915.94, ,RENT,31600.0,f
26.47,36 months,C,debt_consolidation,14.99,917xx,9325,C5,27,CA,26880.0,1405.0,80.0,21247.0,0.0,35th week,760.02, ,RENT,7600.0,w
12.17,36 months,B,credit_card,10.15,891xx,20000,B2,9,NV,135000.0,0.0,70.1,44092.0,0.0,74th week,2202.24,BAT2333412,RENT,25600.0,w
14.02,60 months,C,credit_card,13.33,551xx,25000,C3,33,MN,127000.0,0.0,60.5,163500.0,0.0,39th week,2341.12,BAT1104812,MORTGAGE,39200.0,w
15.33,36 months,B,debt_consolidation,9.99,741xx,19125,B3,35,OK,45555.0,0.0,37.8,115953.0,0.0,13th week,444.95,BAT2252229,MORTGAGE,12200.0,w
8.73,36 months,B,debt_consolidation,12.49,531xx,35000,B5,30,WI,140000.0,0.0,75.0,349126.0,0.0,70th week,4770.83,BAT2003848,MORTGAGE,45600.0,f
18.22,36 months,A,debt_consolidation,7.89,062xx,35000,A5,31,CT,165000.0,0.0,41.0,117549.0,0.0,4th week,214.78,BAT1586599,OWN,73200.0,w
13.42,36 months,B,credit_card,9.17,917xx,24300,B2,14,CA,54000.0,0.0,73.0,21900.0,0.0,4th week,160.93,BAT1586599,OWN,30100.0,w
10.72,60 months,D,debt_consolidation,15.59,208xx,18375,D1,35,MD,46000.0,0.0,29.9,25729.0,8697.0,35th week,1793.77,BAT2558388,RENT,31300.0,w
22.69,60 months,C,debt_consolidation,15.8,113xx,25000,C3,39,NY,65000.0,0.0,27.5,43845.0,0.0,35th week,2526.88,BAT5547201,RENT,17300.0,w
12.54,60 months,C,debt_consolidation,16.78,180xx,13000,C5,18,PA,40000.0,0.0,75.3,114024.0,0.0,109th week,3999.72, ,MORTGAGE,20500.0,f
25.08,36 months,C,debt_consolidation,16.24,334xx,7550,C5,25,FL,38900.0,0.0,74.5,26830.0,0.0,69th week,1356.85, ,RENT,4700.0,f
26.21,36 months,F,debt_consolidation,24.08,104xx,3525,F2,12,NY,9936.0,0.0,49.3,4682.0,0.0,78th week,997.78,BAT3193689,RENT,9500.0,w
2.63,36 months,B,major_purchase,8.18,142xx,9600,B1,12,NY,68000.0,0.0,21.0,110440.0,0.0,44th week,571.89,BAT4136152,MORTGAGE,15500.0,w
10.04,36 months,B,home_improvement,9.17,112xx,10000,B2,21,NY,72000.0,0.0,63.0,272554.0,0.0,31th week,490.43,BAT1184694,RENT,42500.0,w
21.5,36 months,A,debt_consolidation,7.89,871xx,15350,A5,18,NM,80000.0,0.0,55.5,76709.0,0.0,48th week,932.05,BAT5924421,MORTGAGE,28600.0,w
15.17,36 months,A,credit_card,6.89,070xx,5000,A3,27,NJ,90000.0,0.0,12.8,39742.0,0.0,17th week,108.59,BAT4271519,OWN,109500.0,w
26.35,60 months,D,debt_consolidation,16.55,723xx,16000,D2,25,AR,72000.0,0.0,54.1,207066.0,0.0,9th week,424.24,BAT2252229,MORTGAGE,23300.0,w
5.8,36 months,B,debt_consolidation,11.44,950xx,20000,B4,18,CA,125000.0,0.0,44.4,400117.0,0.0,57th week,2092.56, ,MORTGAGE,26100.0,f
10.81,36 months,B,debt_consolidation,11.53,853xx,10000,B5,11,AZ,86000.0,0.0,71.4,286399.0,0.0,17th week,329.83,BAT4271519,MORTGAGE,29300.0,f
25.05,36 months,C,debt_consolidation,12.29,071xx,9000,C1,11,NJ,47000.0,0.0,86.3,22760.0,0.0,13th week,257.82,BAT2252229,RENT,4800.0,w
14.57,36 months,D,credit_card,17.57,077xx,16950,D4,35,NJ,152000.0,0.0,92.5,476441.0,0.0,22th week,1347.48,BAT2078974,MORTGAGE,12900.0,f
16.8,36 months,A,debt_consolidation,7.12,261xx,25000,A3,30,WV,250000.0,0.0,51.4,975172.0,661.0,83th week,2162.41,BAT2136391,MORTGAGE,51000.0,w
15.09,36 months,B,debt_consolidation,13.11,658xx,11500,B4,22,MO,54000.0,0.0,50.1,29480.0,53.0,4th week,125.68,BAT5341619,RENT,27400.0,f
20.0,36 months,A,debt_consolidation,6.03,900xx,6000,A1,30,CA,75000.0,0.0,48.8,142925.0,0.0,87th week,452.95,BAT2136391,RENT,12800.0,w
8.22,36 months,C,home_improvement,12.39,346xx,10000,C1,12,FL,60000.0,0.0,79.3,198070.0,0.0,4th week,133.19,BAT2558388,MORTGAGE,8000.0,w
21.9,36 months,A,debt_consolidation,7.9,283xx,17475,A4,20,NC,39123.0,0.0,41.7,44265.0,0.0,135th week,2155.17,BAT2428731,MORTGAGE,45600.0,f
12.65,36 months,A,credit_card,8.19,352xx,28000,A5,26,AL,125000.0,0.0,77.3,245919.0,0.0,52th week,2004.42, ,MORTGAGE,43300.0,f
9.92,60 months,D,credit_card,16.02,082xx,35000,D5,27,NJ,135000.0,0.0,17.5,139554.110791886,213.562221669413,78th week,6497.65, ,MORTGAGE,32080.5729185358,f
22.91,60 months,E,debt_consolidation,19.52,925xx,14400,E3,37,CA,64792.0,0.0,54.6,324551.0,0.0,48th week,2426.22, ,MORTGAGE,26300.0,f
19.2,36 months,B,credit_card,9.17,060xx,4000,B2,14,CT,40000.0,0.0,37.3,29086.0,0.0,31th week,196.17,BAT3726927,RENT,9300.0,w
0.94,60 months,C,medical,16.29,308xx,20000,C4,20,GA,75000.0,0.0,18.7,182897.0,0.0,170th week,7979.53,BAT1761981,MORTGAGE,15000.0,f
12.23,36 months,D,credit_card,16.99,327xx,5725,D3,14,FL,16000.0,0.0,52.8,6700.0,0.0,35th week,587.46, ,RENT,12700.0,f
24.03,36 months,B,debt_consolidation,11.49,949xx,15000,B5,14,CA,45000.0,0.0,37.4,35777.0,0.0,9th week,274.31, ,RENT,50000.0,w
20.3,60 months,E,debt_consolidation,17.06,433xx,19000,E4,31,OH,46000.0,0.0,83.6,139554.110791886,213.562221669413,261th week,9368.47, ,RENT,32080.5729185358,f
12.91,36 months,B,debt_consolidation,11.99,775xx,8000,B5,33,TX,75000.0,0.0,43.4,8469.0,0.0,48th week,744.5,BAT4694572,RENT,15700.0,f
1.84,36 months,A,credit_card,6.62,940xx,10000,A2,12,CA,150000.0,0.0,31.6,301327.0,128.0,135th week,1026.52,BAT2428731,RENT,28500.0,f
26.12,36 months,A,debt_consolidation,7.69,750xx,4000,A4,40,TX,30000.0,0.0,28.5,21810.0,6807.0,26th week,144.19, ,RENT,14200.0,w
24.61,36 months,C,debt_consolidation,14.49,128xx,15000,C4,13,NY,38000.0,0.0,59.6,34291.0,1823.0,83th week,2699.68, ,OWN,18500.0,w
6.76,36 months,B,major_purchase,10.37,773xx,12000,B3,14,TX,98000.0,0.0,20.4,139554.110791886,213.562221669413,9th week,104.68, ,MORTGAGE,32080.5729185358,f
14.62,60 months,E,debt_consolidation,18.99,750xx,20000,E1,20,TX,113000.0,0.0,56.4,366283.0,0.0,61th week,4099.44, ,MORTGAGE,21600.0,w
9.09,60 months,E,debt_consolidation,21.67,601xx,10000,E5,15,IL,40000.0,0.0,59.0,18179.0,0.0,31th week,1305.7,BAT3726927,RENT,11500.0,f
26.1,36 months,A,debt_consolidation,7.26,329xx,8400,A4,30,FL,30000.0,0.0,19.6,12504.0,0.0,22th week,237.96, ,RENT,39300.0,w
7.78,36 months,A,car,7.89,921xx,7000,A5,12,CA,43500.0,0.0,24.6,188437.0,10998.0,44th week,405.09, ,MORTGAGE,10100.0,f
28.99,36 months,D,credit_card,17.86,441xx,16250,D5,18,OH,32500.0,0.0,47.4,19134.0,0.0,22th week,1124.98,BAT1780517,MORTGAGE,30200.0,f
19.14,36 months,B,debt_consolidation,11.22,212xx,18000,B5,27,MD,70000.0,0.0,50.2,213463.0,4400.0,NAth week,0.0, ,MORTGAGE,20800.0,w
24.86,36 months,A,debt_consolidation,6.24,945xx,7000,A2,15,CA,70000.0,0.0,49.1,28411.0,0.0,NAth week,0.0, ,RENT,30700.0,w
22.86,36 months,C,debt_consolidation,12.29,890xx,7000,C1,16,NV,39000.0,0.0,19.0,25125.0,0.0,13th week,205.31,BAT2252229,RENT,14850.0,w
21.2,60 months,A,debt_consolidation,8.39,945xx,20000,A5,25,CA,83000.0,20502.14,35.3,539771.0,0.0,4th week,130.51,BAT2078974,MORTGAGE,208500.0,w
4.88,36 months,B,debt_consolidation,12.12,104xx,6000,B3,7,NY,45000.0,0.0,84.8,5345.0,0.0,156th week,1185.1,BAT5849876,RENT,6300.0,f
9.55,60 months,C,debt_consolidation,14.33,827xx,18000,C1,20,WY,126250.0,0.0,84.9,256546.0,0.0,87th week,3617.2,BAT5811547,MORTGAGE,22400.0,f
17.67,36 months,E,vacation,22.15,453xx,10000,E5,40,OH,119000.0,0.0,65.8,71965.0,0.0,83th week,2811.27,BAT3461431,RENT,44500.0,f
11.97,36 months,C,debt_consolidation,12.59,984xx,12000,C2,17,WA,75000.0,0.0,76.7,372059.0,1248.0,4th week,117.51, ,MORTGAGE,3500.0,w
11.8,36 months,B,car,11.67,750xx,4800,B4,37,TX,60000.0,0.0,32.6,150725.0,74.0,61th week,458.7,BAT2333412,MORTGAGE,20600.0,f
12.77,36 months,C,debt_consolidation,12.69,357xx,20000,C2,47,AL,75000.0,0.0,43.3,243714.0,0.0,31th week,1348.46, ,RENT,57400.0,f
6.09,60 months,D,other,15.61,335xx,11700,D1,25,FL,110000.0,0.0,45.7,194425.0,0.0,70th week,2219.52,BAT2333412,MORTGAGE,35924.0,w
10.56,60 months,D,credit_card,17.86,240xx,15000,D5,25,VA,40000.0,0.0,60.5,136702.0,0.0,4th week,208.37,BAT2803411,OWN,25800.0,f
14.16,36 months,A,credit_card,7.49,021xx,35000,A4,26,MA,125000.0,0.0,62.2,61653.0,0.0,57th week,2391.94,BAT4722912,RENT,61100.0,f
25.15,60 months,B,credit_card,10.49,232xx,20000,B3,11,VA,43000.0,0.0,56.5,34274.0,0.0,61th week,2214.28,BAT2558388,RENT,60700.0,w
27.82,60 months,B,debt_consolidation,11.99,530xx,20000,B3,29,WI,111000.0,0.0,57.6,240632.0,0.0,109th week,4068.28,BAT5629144,MORTGAGE,48200.0,w
38.65,60 months,C,credit_card,14.33,330xx,15000,C5,27,FL,50000.0,0.0,90.4,90247.0,0.0,9th week,344.25,BAT1586599,RENT,29300.0,w
18.11,36 months,C,credit_card,13.33,967xx,18000,C3,8,HI,64000.0,0.0,100.7,55580.0,0.0,17th week,758.98, ,RENT,15000.0,f
20.67,36 months,B,credit_card,9.67,946xx,11500,B1,11,CA,67000.0,0.0,86.1,486757.0,0.0,104th week,1534.31,BAT1766061,MORTGAGE,25700.0,f
28.27,60 months,E,debt_consolidation,19.52,088xx,33575,E2,45,NJ,70000.0,0.0,47.1,239936.0,0.0,83th week,8921.59,BAT3461431,MORTGAGE,63400.0,w
25.09,60 months,G,credit_card,25.8,787xx,31575,G1,31,TX,93600.0,0.0,84.9,462338.0,0.0,17th week,2612.03,BAT5924421,OWN,77000.0,w
29.41,60 months,D,debt_consolidation,18.49,890xx,14500,D5,28,NV,42772.0,0.0,19.7,106805.0,0.0,NAth week,0.0, ,RENT,27200.0,w
15.62,36 months,E,debt_consolidation,21.49,051xx,4200,E3,13,VT,70000.0,0.0,60.3,22807.0,0.0,92th week,1234.82, ,MORTGAGE,6700.0,f
24.61,36 months,D,debt_consolidation,16.55,605xx,6000,D2,11,IL,55000.0,0.0,49.3,57488.0,0.0,13th week,229.06, ,RENT,6600.0,f
12.02,60 months,B,credit_card,10.64,078xx,25000,B2,21,NJ,114000.0,0.0,40.5,292851.0,0.0,126th week,5180.87,BAT5525466,MORTGAGE,61600.0,f
7.68,36 months,A,credit_card,6.99,599xx,34000,A3,6,MT,88000.0,0.0,49.6,226747.0,0.0,48th week,1727.36,BAT5924421,MORTGAGE,39900.0,w
14.32,36 months,B,credit_card,10.99,070xx,5000,B4,8,NJ,178000.0,0.0,95.9,74379.0,0.0,39th week,369.37, ,RENT,32500.0,f
22.0,36 months,B,credit_card,9.67,951xx,13000,B1,16,CA,64500.0,0.0,93.7,37699.0,0.0,91th week,1642.72,BAT5489674,RENT,24900.0,w
10.61,36 months,B,debt_consolidation,8.18,115xx,20000,B1,22,NY,100000.0,0.0,19.2,252272.0,40549.0,31th week,864.91, ,MORTGAGE,24600.0,f
8.99,36 months,C,debt_consolidation,15.8,463xx,16000,C3,23,IN,65000.0,0.0,78.8,129902.0,0.0,96th week,3498.72,BAT1467036,OWN,22100.0,w
11.16,60 months,E,debt_consolidation,21.6,432xx,21000,E3,23,OH,93000.0,2744.15,39.0,171269.0,1041.0,61th week,3613.49,BAT2833642,MORTGAGE,18700.0,f
12.85,60 months,C,credit_card,14.47,234xx,16000,C2,31,VA,180000.0,0.0,95.0,468958.0,0.0,17th week,757.93,BAT5629144,MORTGAGE,18100.0,f
8.22,60 months,G,debt_consolidation,25.99,180xx,15075,G4,37,PA,44677.0,0.0,47.6,17317.0,0.0,70th week,4864.5, ,MORTGAGE,36400.0,w
13.5,36 months,A,debt_consolidation,7.69,074xx,20000,A4,17,NJ,65000.0,0.0,46.9,245537.0,0.0,65th week,1570.96,BAT2078974,OWN,24100.0,w
6.36,36 months,C,small_business,16.78,433xx,8000,C5,13,OH,60000.0,0.0,29.5,70308.0,0.0,126th week,2133.15, ,MORTGAGE,36100.0,w
27.94,36 months,B,home_improvement,9.17,130xx,3000,B2,13,NY,25000.0,0.0,43.9,10646.0,0.0,31th week,147.13,BAT3726927,OWN,10300.0,w
9.55,36 months,B,debt_consolidation,9.99,924xx,2600,B3,17,CA,48880.0,0.0,83.8,17936.0,0.0,22th week,101.56, ,RENT,21400.0,f
14.41,36 months,C,credit_card,16.29,974xx,11725,C5,17,OR,30000.0,373.13,71.8,139554.110791886,213.562221669413,17th week,615.17,BAT47674,RENT,32080.5729185358,f
25.45,36 months,B,debt_consolidation,12.12,983xx,12000,B3,20,WA,65000.0,0.0,75.1,122960.0,0.0,156th week,2373.35, ,MORTGAGE,35512.0,f
23.5,36 months,B,debt_consolidation,11.53,112xx,26875,B5,16,NY,68931.0,0.0,33.0,35214.0,0.0,26th week,1440.4,BAT3873588,RENT,26900.0,f
22.99,36 months,B,debt_consolidation,10.15,148xx,14375,B2,24,NY,58000.0,0.0,75.9,85423.0,0.0,83th week,1789.06, ,MORTGAGE,17500.0,f
5.47,36 months,A,debt_consolidation,7.9,983xx,1000,A4,5,WA,57000.0,0.0,93.0,139554.110791886,213.562221669413,156th week,126.2,BAT1135695,OWN,32080.5729185358,f
22.94,60 months,D,debt_consolidation,17.86,725xx,16625,D5,28,AR,46200.0,0.0,85.1,91408.0,0.0,31th week,1659.96,BAT1184694,RENT,18600.0,w
28.73,36 months,G,debt_consolidation,17.86,301xx,2000,G5,34,GA,44400.0,0.0,79.9,139554.110791886,213.562221669413,157th week,597.54,BAT4160421,MORTGAGE,32080.5729185358,f
18.2,36 months,A,credit_card,7.69,824xx,20475,A4,33,WY,54000.0,0.0,56.1,213777.0,0.0,70th week,1697.2,BAT2003848,MORTGAGE,44800.0,f
15.86,36 months,B,credit_card,9.17,956xx,23000,B1,20,CA,92000.0,0.0,50.8,203072.0,0.0,70th week,2282.25,BAT2333412,OWN,35300.0,f
12.29,36 months,D,debt_consolidation,17.27,720xx,12500,D1,8,AR,32700.0,0.0,62.0,139554.110791886,213.562221669413,56th week,2019.83, ,RENT,32080.5729185358,f
11.42,36 months,B,debt_consolidation,13.53,925xx,5600,B5,20,CA,56000.0,0.0,26.4,15615.0,0.0,52th week,696.6,BAT1766061,MORTGAGE,32300.0,f
16.18,36 months,E,debt_consolidation,21.0,113xx,8000,E2,10,NY,25000.0,0.0,84.7,10421.0,0.0,74th week,1958.77,BAT2428731,RENT,12300.0,f
15.55,36 months,D,house,16.99,331xx,19475,D3,15,FL,56000.0,0.0,39.2,21981.0,0.0,17th week,1075.05, ,RENT,33700.0,w
14.63,36 months,A,debt_consolidation,7.89,880xx,12300,A5,19,NM,64800.0,0.0,53.0,16184.0,334.0,17th week,306.06,BAT1780517,RENT,7400.0,w
19.25,36 months,D,debt_consolidation,15.59,208xx,13550,D1,16,MD,40000.0,0.0,84.1,22038.0,0.0,61th week,2086.48,BAT2558388,RENT,26200.0,f
24.97,36 months,B,debt_consolidation,11.53,020xx,15000,B5,21,MA,36000.0,0.0,55.8,20036.0,0.0,39th week,1163.44,BAT1104812,OWN,35900.0,w
8.45,36 months,B,debt_consolidation,9.76,857xx,9000,B3,20,AZ,55120.0,0.0,18.5,52225.0,0.0,NAth week,0.0,BAT2803411,RENT,20700.0,f
6.8,36 months,B,debt_consolidation,13.11,630xx,7500,B4,15,MO,60000.0,0.0,34.0,141093.0,0.0,83th week,1170.54,BAT5341619,MORTGAGE,14900.0,f
33.4,36 months,C,moving,11.99,864xx,5000,C1,11,AZ,24000.0,0.0,65.1,36577.0,0.0,NAth week,0.0,BAT2803411,RENT,7700.0,w
15.26,36 months,D,debt_consolidation,17.57,606xx,8275,D4,39,IL,70000.0,0.0,61.7,18537.0,1726.0,9th week,231.66,BAT3873588,RENT,6800.0,f
5.79,36 months,C,debt_consolidation,13.33,112xx,5600,C3,15,NY,40000.0,0.0,18.8,6460.0,0.0,39th week,503.43, ,OWN,31900.0,f
20.79,36 months,C,credit_card,14.65,986xx,25000,C2,23,WA,100000.0,0.0,67.9,139554.110791886,213.562221669413,26th week,1457.46,BAT3372536,MORTGAGE,32080.5729185358,f
5.11,36 months,A,other,6.49,300xx,12000,A2,21,GA,106000.0,0.0,37.9,258592.0,0.0,52th week,664.4,BAT4694572,MORTGAGE,64300.0,f
15.12,36 months,B,debt_consolidation,11.99,010xx,19600,B3,23,MA,76050.0,0.0,58.5,45944.0,0.0,95th week,3151.59,BAT224923,OWN,51300.0,w
6.65,36 months,D,other,16.59,137xx,2000,D1,5,NY,24000.0,0.0,21.1,139554.110791886,213.562221669413,61th week,328.45,BAT1691418,RENT,32080.5729185358,f
17.33,36 months,B,debt_consolidation,12.49,334xx,5000,B4,23,FL,32676.0,0.0,32.0,12460.0,0.0,87th week,798.12,BAT2136391,OWN,6400.0,w
1.77,60 months,D,debt_consolidation,16.99,890xx,13600,D3,23,NV,69000.0,0.0,5.0,449.0,0.0,83th week,3276.64,BAT3461431,RENT,8650.0,f
29.8,60 months,E,debt_consolidation,19.52,104xx,19000,E3,17,NY,42000.0,0.0,86.6,77869.0,0.0,35th week,2362.87, ,RENT,27700.0,w
15.53,36 months,B,other,10.99,910xx,10000,B3,25,CA,70000.0,0.0,23.0,221242.0,0.0,57th week,962.78,BAT3193689,MORTGAGE,81400.0,f
29.57,36 months,B,credit_card,11.22,301xx,5000,B5,20,GA,36000.0,0.0,43.0,25617.0,1814.0,0th week,4.89,BAT2803411,OWN,24200.0,w
26.79,60 months,E,debt_consolidation,19.99,672xx,20000,E4,20,KS,40000.0,0.0,73.2,37820.0,205.0,22th week,1613.53, ,RENT,20600.0,f
12.96,36 months,B,credit_card,11.99,774xx,25000,B3,24,TX,110000.0,0.0,65.0,268792.0,0.0,91th week,3947.04, ,MORTGAGE,75700.0,w
29.07,36 months,B,debt_consolidation,11.11,980xx,11500,B5,42,WA,48000.0,0.0,28.3,139554.110791886,213.562221669413,152th week,2057.73, ,RENT,32080.5729185358,f
15.07,60 months,B,debt_consolidation,8.18,601xx,28000,B1,32,IL,82000.0,0.0,40.9,182207.0,0.0,31th week,1156.97,BAT3726927,MORTGAGE,90000.0,w
17.37,36 months,B,debt_consolidation,9.99,913xx,12000,B3,31,CA,60000.0,0.0,64.4,25556.0,0.0,26th week,462.07,BAT3873588,RENT,33600.0,w
15.4,36 months,A,credit_card,6.24,495xx,19000,A2,14,MI,53000.0,0.0,48.7,136954.0,0.0,9th week,188.51,BAT2252229,MORTGAGE,37800.0,w
30.16,36 months,C,debt_consolidation,12.39,874xx,5000,C1,26,NM,32000.0,0.0,48.7,33868.0,0.0,52th week,534.66,BAT4694572,RENT,7500.0,w
15.81,36 months,A,major_purchase,7.9,474xx,15000,A4,21,IN,95000.0,0.0,32.6,373529.0,0.0,135th week,1850.35,BAT4808022,MORTGAGE,53300.0,f
13.2,36 months,C,debt_consolidation,14.33,207xx,4000,C5,15,MD,59000.0,0.0,25.8,224679.0,0.0,4th week,41.4,BAT2803411,OWN,4200.0,w
22.15,36 months,B,credit_card,9.99,063xx,5500,B3,23,CT,54000.0,0.0,25.4,33504.0,11520.0,43th week,404.39, ,RENT,17300.0,f
9.67,36 months,A,credit_card,7.89,032xx,16800,A5,25,NH,114000.0,0.0,95.7,187704.0,0.0,26th week,517.46, ,OWN,14000.0,w
26.4,60 months,B,debt_consolidation,11.49,331xx,16800,B5,51,FL,150000.0,0.0,47.7,142636.0,222.0,4th week,150.14,BAT1586599,MORTGAGE,89200.0,w
15.28,60 months,D,debt_consolidation,17.14,302xx,20000,D4,11,GA,68000.0,0.0,68.0,29161.0,0.0,48th week,2948.67, ,MORTGAGE,14100.0,f
15.01,60 months,E,debt_consolidation,21.99,983xx,27975,E5,19,WA,91600.0,0.0,93.5,355302.0,0.0,61th week,6763.84,BAT2558388,RENT,21100.0,w
6.41,60 months,B,credit_card,8.67,284xx,20000,B1,27,NC,137500.0,0.0,41.0,395241.0,80.0,57th week,1704.43, ,MORTGAGE,98200.0,w
24.76,60 months,G,debt_consolidation,25.83,999xx,23450,G2,43,AK,62000.0,0.0,69.1,41566.0,0.0,39th week,4316.62,BAT1104812,RENT,40500.0,w
10.98,36 months,B,debt_consolidation,9.17,175xx,7000,B2,12,PA,80000.0,0.0,80.1,34561.0,0.0,39th week,387.5, ,RENT,7100.0,f
11.91,36 months,C,debt_consolidation,14.65,606xx,18700,C5,61,IL,55000.0,0.0,21.3,19099.0,0.0,26th week,1276.98, ,OWN,91700.0,w
22.37,36 months,A,credit_card,7.49,750xx,8000,A4,23,TX,45000.0,0.0,21.5,226375.0,0.0,57th week,543.39,BAT4722912,MORTGAGE,70700.0,f
7.9,36 months,A,home_improvement,7.9,223xx,12000,A4,44,VA,70000.0,0.0,43.8,19990.0,0.0,87th week,1206.36, ,OWN,29600.0,f
17.48,36 months,C,debt_consolidation,13.85,212xx,21600,C4,34,MD,77248.0,0.0,79.8,139554.110791886,213.562221669413,70th week,3114.49,BAT2881453,MORTGAGE,32080.5729185358,f
15.1,36 months,B,credit_card,10.99,604xx,10000,B2,16,IL,60000.0,0.0,59.2,112495.0,0.0,100th week,1484.25,BAT224923,MORTGAGE,18300.0,w
18.73,36 months,B,debt_consolidation,10.99,609xx,8750,B3,16,IL,20000.0,0.0,46.9,7010.0,6306.0,78th week,1138.76,BAT3193689,RENT,8400.0,w
3.29,36 months,B,debt_consolidation,8.18,809xx,5000,B1,14,CO,53250.0,0.0,57.3,123939.0,0.0,26th week,189.54,BAT3873588,MORTGAGE,8700.0,f
25.66,36 months,C,debt_consolidation,15.88,626xx,35000,C4,19,IL,78000.0,0.0,73.0,191307.0,0.0,52th week,4859.01,BAT4351734,MORTGAGE,66100.0,f
13.04,36 months,C,major_purchase,11.03,273xx,10000,C1,23,NC,46116.0,0.0,53.4,139554.110791886,213.562221669413,131th week,1707.07,BAT1864701,MORTGAGE,32080.5729185358,f
29.28,60 months,B,other,10.99,913xx,10000,B4,40,CA,38000.0,0.0,20.3,150873.0,0.0,9th week,175.9,BAT2252229,MORTGAGE,95500.0,f
15.87,60 months,C,debt_consolidation,14.99,021xx,17000,C5,22,MA,116000.0,0.0,22.0,45372.0,0.0,78th week,3429.9, ,RENT,24900.0,w
19.86,60 months,C,home_improvement,12.69,086xx,12400,C2,20,NJ,78000.0,0.0,88.9,275756.0,0.0,22th week,630.98,BAT1780517,MORTGAGE,23600.0,w
16.72,36 months,B,debt_consolidation,10.64,856xx,21000,B4,35,AZ,120000.0,0.0,53.0,65512.0,78.0,NAth week,0.0, ,MORTGAGE,21500.0,w
13.44,36 months,B,debt_consolidation,11.53,802xx,7000,B5,36,CO,122000.0,0.0,65.3,522503.0,0.0,26th week,311.44,BAT3873588,MORTGAGE,30600.0,f
14.45,60 months,B,credit_card,8.18,365xx,16000,B1,49,AL,125000.0,0.0,84.1,158966.0,0.0,22th week,523.19,BAT1780517,MORTGAGE,41800.0,w
9.18,36 months,E,debt_consolidation,20.99,070xx,27650,E4,7,NJ,63000.0,0.0,30.2,23043.0,0.0,48th week,4721.92,BAT5924421,RENT,24600.0,f
23.17,36 months,A,credit_card,7.9,927xx,3000,A4,32,CA,77500.0,0.0,46.9,263000.0,0.0,104th week,332.53,BAT1766061,MORTGAGE,38600.0,f
9.19,36 months,A,debt_consolidation,6.68,787xx,24000,A3,29,TX,337000.0,0.0,33.9,367594.0,0.0,44th week,1164.63, ,MORTGAGE,91400.0,w
25.46,36 months,A,home_improvement,7.26,564xx,33600,A4,32,MN,72000.0,0.0,27.4,223177.0,0.0,4th week,189.73,BAT2803411,MORTGAGE,147000.0,w
13.91,36 months,A,home_improvement,7.89,337xx,3350,A5,22,FL,34000.0,0.0,47.3,90308.0,0.0,13th week,42.04,BAT2252229,MORTGAGE,23100.0,w
2.98,36 months,B,debt_consolidation,11.67,480xx,20875,B4,21,MI,155000.0,0.0,63.5,13340.0,132.0,52th week,2089.72,BAT2078974,OWN,21000.0,f
36.09,36 months,C,credit_card,14.99,489xx,10000,C5,70,MI,80000.0,0.0,50.7,286891.0,0.0,43th week,1103.64, ,OWN,45300.0,f
11.85,60 months,D,other,17.57,916xx,15000,D2,14,CA,50000.0,2016.51,35.9,10422.0,0.0,17th week,651.91,BAT2522922,RENT,25800.0,f
23.08,36 months,B,debt_consolidation,8.18,531xx,19000,B1,45,WI,90000.0,0.0,63.6,459312.0,0.0,31th week,830.31,BAT3726927,MORTGAGE,52000.0,w
14.64,36 months,A,debt_consolidation,7.12,471xx,14000,A3,30,IN,51000.0,0.0,22.6,139893.0,0.0,65th week,1022.25,BAT2078974,MORTGAGE,30100.0,w
11.24,36 months,A,debt_consolidation,8.39,303xx,15000,A5,15,GA,77500.0,0.0,78.9,32684.0,145.0,74th week,1420.54,BAT2333412,RENT,28200.0,w
7.94,36 months,B,debt_consolidation,12.99,207xx,7000,B5,9,MD,26000.0,0.0,49.2,4475.0,1119.0,100th week,1236.39, ,RENT,9100.0,w
33.24,60 months,D,debt_consolidation,15.99,553xx,12000,D2,18,MN,66100.0,0.0,45.2,58541.0,0.0,39th week,1352.52,BAT4694572,RENT,28700.0,f
13.65,36 months,D,debt_consolidation,16.55,402xx,15250,D2,13,KY,69000.0,0.0,65.2,28964.0,0.0,22th week,799.71, ,MORTGAGE,11000.0,w
23.71,36 months,B,other,12.12,948xx,2000,B3,34,CA,75000.0,0.0,76.6,139554.110791886,213.562221669413,109th week,352.36,BAT3292317,MORTGAGE,32080.5729185358,f
22.71,36 months,A,debt_consolidation,8.39,606xx,29975,A5,41,IL,90000.0,0.0,31.4,98902.0,0.0,43th week,1954.02, ,MORTGAGE,32800.0,w
11.39,60 months,C,debt_consolidation,14.65,029xx,10000,C5,29,RI,65000.0,0.0,61.1,169699.0,0.0,31th week,804.41, ,MORTGAGE,16000.0,w
11.73,36 months,D,credit_card,15.41,372xx,3500,D1,27,TN,36000.0,0.0,18.0,3492.0,0.0,9th week,67.93,BAT1586599,RENT,19800.0,f
13.33,36 months,B,debt_consolidation,8.18,174xx,20000,B1,30,PA,100000.0,0.0,35.8,189314.0,0.0,17th week,506.94,BAT1780517,MORTGAGE,15400.0,w
13.46,36 months,A,debt_consolidation,8.9,913xx,12000,A5,23,CA,75000.0,0.0,39.8,22411.0,0.0,109th week,1504.38,BAT5629144,MORTGAGE,44300.0,w
21.85,60 months,C,debt_consolidation,12.69,750xx,22000,C2,9,TX,92000.0,0.0,85.1,41206.0,0.0,9th week,446.99,BAT2252229,RENT,20800.0,w
1.22,36 months,A,major_purchase,6.99,829xx,3000,A3,9,WY,54072.0,0.0,13.0,139554.110791886,213.562221669413,157th week,333.58, ,MORTGAGE,32080.5729185358,f
13.59,36 months,B,debt_consolidation,9.17,272xx,5000,B2,21,NC,25000.0,0.0,21.9,4829.0,1499.0,26th week,199.22, ,RENT,22100.0,f
30.39,36 months,C,debt_consolidation,13.33,980xx,10000,C3,24,WA,34000.0,0.0,62.9,38445.0,0.0,39th week,898.98, ,RENT,61100.0,f
22.31,36 months,A,credit_card,7.26,751xx,16700,A4,24,TX,53300.0,0.0,45.8,102099.0,0.0,4th week,87.56,BAT2803411,MORTGAGE,46200.0,f
5.51,36 months,C,other,15.31,602xx,2000,C2,13,IL,110000.0,0.0,85.5,207313.0,0.0,156th week,506.8, ,MORTGAGE,28550.0,w
13.02,36 months,A,debt_consolidation,7.89,076xx,20000,A5,30,NJ,65000.0,0.0,28.5,264616.0,0.0,44th week,1157.41, ,MORTGAGE,100400.0,w
10.77,36 months,B,credit_card,10.78,243xx,3300,B4,17,VA,32000.0,0.0,51.0,4405.0,0.0,NAth week,0.0,BAT2803411,OWN,6000.0,w
10.47,36 months,D,medical,19.2,285xx,1200,D3,15,NC,50877.0,0.0,65.9,18158.0,0.0,104th week,342.86,BAT2575549,MORTGAGE,10000.0,f
7.41,36 months,B,debt_consolidation,11.67,493xx,10000,B4,19,MI,70000.0,0.0,41.4,156837.0,0.0,78th week,1384.66,BAT3193689,MORTGAGE,19500.0,w
11.83,36 months,B,debt_consolidation,11.53,109xx,6000,B5,19,NY,48500.0,0.0,36.1,9323.0,0.0,22th week,266.95,BAT1780517,RENT,21600.0,w
10.9,36 months,B,other,9.49,940xx,15000,B2,14,CA,145000.0,0.0,96.4,47005.0,0.0,52th week,1221.68, ,RENT,22800.0,f
24.4,36 months,A,credit_card,7.26,198xx,10000,A4,62,DE,100000.0,0.0,37.4,156889.0,0.0,17th week,228.88,BAT4271519,MORTGAGE,50600.0,w
13.2,36 months,B,debt_consolidation,10.99,488xx,8000,B4,37,MI,70000.0,0.0,33.6,137413.0,0.0,31th week,471.15, ,MORTGAGE,42900.0,f
8.95,36 months,B,credit_card,10.15,085xx,2800,B2,24,NJ,110000.0,0.0,87.4,319213.0,0.0,61th week,275.16,BAT2078974,MORTGAGE,21200.0,f
2.47,36 months,C,debt_consolidation,12.29,339xx,12000,C1,19,FL,28974.0,0.0,1.3,512.0,0.0,9th week,243.71,BAT1184694,RENT,38700.0,f
12.75,36 months,B,credit_card,11.99,914xx,16500,B3,30,CA,41052.0,0.0,50.2,15111.0,0.0,74th week,2260.64,BAT224923,MORTGAGE,30100.0,f
14.95,60 months,B,credit_card,8.18,816xx,12000,B1,20,CO,55000.0,0.0,84.8,17961.0,0.0,26th week,479.03,BAT3873588,RENT,16500.0,w
31.92,36 months,C,other,13.66,968xx,2000,C3,33,HI,75000.0,0.0,68.7,66861.0,0.0,52th week,234.83,BAT4694572,RENT,42200.0,f
5.73,36 months,C,home_improvement,13.99,481xx,4000,C4,13,MI,53000.0,0.0,24.8,69033.0,1297.0,17th week,173.96,BAT1780517,MORTGAGE,12100.0,f
20.98,36 months,B,home_improvement,10.99,088xx,30000,B4,25,NJ,202000.0,0.0,52.7,484639.0,0.0,13th week,758.97, ,MORTGAGE,117000.0,f
9.48,36 months,B,credit_card,11.53,656xx,5000,B5,64,MO,60000.0,0.0,37.3,255403.0,0.0,22th week,225.67,BAT1780517,MORTGAGE,18400.0,f
17.76,36 months,A,credit_card,8.19,532xx,9000,A5,23,WI,50000.0,0.0,56.8,186512.0,0.0,35th week,457.63,BAT2558388,MORTGAGE,17800.0,f
12.57,36 months,A,debt_consolidation,7.26,103xx,24000,A4,30,NY,76000.0,0.0,20.3,22602.0,0.0,17th week,549.3,BAT1780517,RENT,36800.0,w
15.84,36 months,B,debt_consolidation,10.15,563xx,14400,B2,30,MN,45000.0,0.0,38.7,37474.0,808.0,65th week,1415.11,BAT2078974,RENT,16500.0,w
14.63,36 months,A,other,8.9,032xx,9000,A5,16,NH,36000.0,0.0,3.8,139554.110791886,213.562221669413,74th week,904.91,BAT1327206,RENT,32080.5729185358,f
8.0,36 months,B,credit_card,11.53,945xx,16000,B5,12,CA,68000.0,0.0,66.6,15440.0,90.0,0th week,6.15,BAT4271519,RENT,23200.0,w
23.59,60 months,E,debt_consolidation,18.99,374xx,25000,E3,15,TN,70000.0,0.0,30.0,49098.0,350.0,NAth week,0.0, ,RENT,12400.0,w
13.19,60 months,E,debt_consolidation,22.45,989xx,18000,E5,10,WA,53040.0,0.0,77.9,222181.0,0.0,96th week,6339.76, ,MORTGAGE,13200.0,f
22.01,36 months,C,debt_consolidation,12.29,370xx,10000,C1,31,TN,70000.0,0.0,51.3,195782.0,0.0,43th week,907.86,BAT5924421,MORTGAGE,11000.0,f
7.15,36 months,D,debt_consolidation,17.77,926xx,5000,D1,10,CA,63000.0,0.0,58.8,9187.0,0.0,139th week,1466.03,BAT5849876,RENT,8500.0,f
7.01,36 months,A,debt_consolidation,7.12,020xx,10000,A3,46,MA,70000.0,0.0,39.1,5466.0,0.0,65th week,676.59,BAT2078974,RENT,8800.0,w
27.64,36 months,C,debt_consolidation,14.49,280xx,10000,C4,8,NC,30000.0,0.0,46.8,23653.0,347.0,61th week,1416.64, ,RENT,10000.0,w
20.08,36 months,D,debt_consolidation,18.55,358xx,14400,D2,48,AL,100000.0,0.0,92.5,357648.0,0.0,35th week,1645.98, ,MORTGAGE,25300.0,w
11.62,36 months,C,debt_consolidation,15.88,191xx,6000,C4,24,PA,126000.0,0.0,75.0,357299.0,0.0,126th week,1505.52,BAT5525466,MORTGAGE,23500.0,f
17.58,36 months,F,debt_consolidation,24.99,322xx,6225,F4,11,FL,14000.0,0.0,38.7,4301.0,0.0,65th week,1662.08, ,OWN,11100.0,f
3.79,36 months,D,other,15.28,331xx,3200,D3,5,FL,18996.0,82.64,84.1,139554.110791886,213.562221669413,52th week,396.78,BAT20678,RENT,32080.5729185358,f
9.5,60 months,B,other,10.99,852xx,35000,B4,14,AZ,250000.0,0.0,83.0,76324.0,0.0,26th week,1840.65, ,MORTGAGE,48000.0,f
13.72,36 months,C,debt_consolidation,14.65,210xx,29000,C2,32,MD,93200.0,0.0,55.3,139554.110791886,213.562221669413,70th week,4213.03,BAT3943761,MORTGAGE,32080.5729185358,f
25.49,36 months,C,debt_consolidation,15.61,478xx,32500,C5,62,IN,87000.0,0.0,65.1,139826.0,0.0,65th week,5372.77,BAT5489674,MORTGAGE,67400.0,w
10.9,36 months,B,debt_consolidation,8.38,386xx,12000,B1,44,MS,50000.0,0.0,22.1,41239.0,145.0,4th week,78.21,BAT2803411,MORTGAGE,11500.0,w
24.9,36 months,B,debt_consolidation,10.64,331xx,11100,B2,25,FL,64000.0,0.0,69.8,283171.0,56.0,95th week,1620.3, ,RENT,6600.0,f
11.28,36 months,D,debt_consolidation,18.92,170xx,6000,D4,11,PA,30000.0,0.0,90.7,10437.0,0.0,83th week,1397.62,BAT5489674,RENT,6200.0,f
24.92,60 months,G,other,26.06,080xx,25075,G5,32,NJ,85000.0,0.0,79.0,121247.0,0.0,74th week,8114.25,BAT3193689,RENT,42800.0,f
20.15,60 months,B,debt_consolidation,11.53,352xx,20000,B5,36,AL,105000.0,0.0,81.4,392002.0,0.0,35th week,1443.7,BAT1104812,OWN,43800.0,w
16.77,36 months,C,debt_consolidation,12.69,201xx,16000,C2,22,VA,41000.0,0.0,48.2,18811.0,585.0,9th week,323.23, ,MORTGAGE,32700.0,w
24.44,60 months,D,credit_card,16.49,786xx,35000,D3,14,TX,106000.0,0.0,50.1,72964.0,0.0,22th week,2319.89,BAT4694572,RENT,20700.0,w
26.57,60 months,F,credit_card,23.43,781xx,18000,F1,30,TX,50000.0,0.0,94.9,158637.0,0.0,70th week,5210.76, ,RENT,14700.0,f
8.17,36 months,B,debt_consolidation,9.99,480xx,14400,B3,10,MI,37000.0,0.0,50.4,78747.0,254.0,9th week,220.91,BAT1586599,MORTGAGE,12900.0,f
24.28,36 months,C,debt_consolidation,13.35,371xx,3500,C2,13,TN,30000.0,0.0,39.7,29307.0,345.0,65th week,483.87,BAT2078974,RENT,8300.0,f
28.95,36 months,B,home_improvement,9.99,293xx,1500,B3,30,SC,40000.0,0.0,54.2,127488.0,0.0,13th week,34.9, ,MORTGAGE,20100.0,f
20.72,60 months,D,debt_consolidation,16.55,300xx,12000,D2,45,GA,36000.0,0.0,23.5,71197.0,0.0,17th week,640.13, ,RENT,4400.0,w
9.77,36 months,B,credit_card,12.12,328xx,12000,B3,19,FL,42000.0,0.0,56.5,166442.0,0.0,74th week,1657.39,BAT3865626,MORTGAGE,24600.0,f
17.66,60 months,B,credit_card,12.49,973xx,13000,B5,13,OR,42000.0,0.0,65.8,168086.0,0.0,70th week,1861.39, ,MORTGAGE,12700.0,f
23.76,36 months,B,debt_consolidation,13.11,788xx,12000,B4,23,TX,56000.0,0.0,58.0,55625.0,0.0,65th week,1550.81, ,RENT,12100.0,f
12.6,36 months,D,other,19.05,656xx,14000,D4,27,MO,50000.0,0.0,72.1,57845.0,0.0,135th week,4367.77,BAT4808022,MORTGAGE,21700.0,f
5.12,36 months,A,credit_card,6.03,900xx,10000,A1,19,CA,130000.0,0.0,11.4,20070.0,0.0,61th week,434.11,BAT2333412,RENT,26200.0,f
14.34,36 months,D,debt_consolidation,17.57,956xx,16000,D2,22,CA,56160.0,0.0,70.7,22819.0,0.0,26th week,1120.71,BAT1766061,RENT,26800.0,f
14.15,36 months,A,small_business,8.9,620xx,7000,A5,17,IL,30000.0,0.0,32.7,139554.110791886,213.562221669413,70th week,637.62,BAT3943761,RENT,32080.5729185358,f
24.8,60 months,D,debt_consolidation,19.2,980xx,10000,D3,41,WA,30000.0,0.0,46.1,18892.0,0.0,113th week,3563.82,BAT2575549,RENT,41000.0,f
21.74,36 months,A,debt_consolidation,8.39,260xx,10000,A5,36,WV,34000.0,0.0,14.1,63273.0,0.0,70th week,906.03,BAT2333412,RENT,21400.0,f
15.07,36 months,B,debt_consolidation,11.53,908xx,21200,B5,36,CA,65000.0,0.0,50.1,478533.0,0.0,13th week,583.82,BAT2252229,OWN,59600.0,w
22.92,36 months,C,credit_card,14.65,633xx,35000,C5,35,MO,125000.0,0.0,86.4,205210.0,0.0,13th week,1267.43, ,MORTGAGE,53500.0,w
22.64,36 months,A,other,7.89,377xx,4000,A5,27,TN,26505.36,0.0,36.0,8327.0,0.0,44th week,223.59,BAT4136152,OWN,14300.0,w
11.14,60 months,F,debt_consolidation,23.76,282xx,15000,F4,26,NC,38500.0,0.0,24.2,10572.0,861.0,139th week,7898.17,BAT2428731,RENT,43700.0,f
2.43,36 months,A,home_improvement,6.62,453xx,24000,A2,27,OH,290000.0,0.0,29.9,406293.0,0.0,135th week,2466.02,BAT4808022,MORTGAGE,143670.0,f
13.55,36 months,A,debt_consolidation,6.68,981xx,14000,A3,23,WA,90000.0,0.0,17.3,64127.0,0.0,35th week,557.55, ,RENT,89800.0,w
10.9,36 months,C,home_improvement,14.64,072xx,10800,C3,52,NJ,57650.0,0.0,72.9,279996.0,0.0,83th week,2008.7,BAT2522922,MORTGAGE,6100.0,w
31.81,36 months,D,credit_card,16.55,488xx,9100,D2,29,MI,45000.0,0.0,63.0,211382.0,0.0,39th week,1020.19, ,MORTGAGE,9400.0,f
15.49,60 months,C,debt_consolidation,14.65,088xx,25000,C5,27,NJ,99400.0,0.0,63.1,53526.0,0.0,48th week,3107.9,BAT5924421,RENT,66700.0,w
27.17,36 months,B,credit_card,10.15,447xx,20175,B2,26,OH,45000.0,0.0,51.4,135748.0,0.0,74th week,2322.65, ,MORTGAGE,80900.0,f
9.78,36 months,C,major_purchase,12.69,087xx,10000,C2,16,NJ,190000.0,0.0,65.5,51412.0,284.0,39th week,848.01,BAT1104812,MORTGAGE,21800.0,f
29.01,60 months,D,debt_consolidation,16.49,791xx,18000,D3,33,TX,65000.0,0.0,73.7,185610.0,258.0,61th week,3172.04,BAT2558388,MORTGAGE,19200.0,w
22.97,36 months,C,debt_consolidation,13.33,740xx,15000,C3,18,OK,42497.0,0.0,58.9,22532.0,0.0,22th week,772.58,BAT1780517,OWN,24900.0,f
9.84,36 months,D,debt_consolidation,16.99,707xx,15675,D3,18,LA,45000.0,0.0,42.7,237834.0,0.0,44th week,1854.32,BAT4136152,MORTGAGE,14300.0,w
29.32,36 months,E,debt_consolidation,21.6,373xx,7975,E3,31,TN,30000.0,0.0,70.8,37934.0,0.0,35th week,1059.98, ,MORTGAGE,22000.0,f
22.12,36 months,C,credit_card,14.49,108xx,23000,C4,22,NY,50000.0,0.0,65.9,30723.0,0.0,61th week,3372.27,BAT2558388,RENT,46600.0,w
27.86,60 months,B,credit_card,10.99,600xx,17000,B4,13,IL,42000.0,0.0,67.1,39513.0,105.0,31th week,1037.7,BAT3726927,MORTGAGE,74200.0,w
23.62,36 months,A,debt_consolidation,7.89,461xx,14000,A5,19,IN,75000.0,0.0,36.2,176198.0,264.0,35th week,665.73,BAT1184694,MORTGAGE,24800.0,w
14.0,36 months,A,debt_consolidation,6.24,173xx,23800,A2,21,PA,97000.0,0.0,56.3,29763.0,0.0,4th week,115.51, ,MORTGAGE,31200.0,w
23.2,36 months,A,debt_consolidation,6.49,600xx,7200,A2,21,IL,30000.0,0.0,44.8,17092.0,0.0,52th week,373.4,BAT2003848,RENT,24300.0,f
34.67,36 months,C,debt_consolidation,14.64,940xx,6000,C3,16,CA,55000.0,0.0,61.5,65117.0,0.0,65th week,917.28, ,RENT,24000.0,f
27.97,60 months,E,debt_consolidation,21.99,705xx,11350,E5,36,LA,38000.0,0.0,41.6,21175.0,117.0,48th week,2161.68,BAT5924421,OWN,41100.0,f
32.59,36 months,C,debt_consolidation,13.68,921xx,22000,C1,45,CA,50000.0,0.0,26.8,91844.0,0.0,26th week,1418.39, ,RENT,63100.0,w
19.9,36 months,A,credit_card,5.32,287xx,9000,A1,16,NC,83000.0,0.0,45.4,155104.0,0.0,13th week,76.12, ,MORTGAGE,106400.0,f
5.98,36 months,A,debt_consolidation,6.62,073xx,20000,A2,32,NJ,420000.0,0.0,47.7,1009511.0,182.0,52th week,1137.18,BAT2833642,MORTGAGE,70000.0,w
22.0,36 months,B,debt_consolidation,10.99,440xx,35000,B2,40,OH,95000.0,0.0,67.6,344609.0,0.0,113th week,5686.09, ,MORTGAGE,40200.0,f
36.78,36 months,B,debt_consolidation,11.99,906xx,2000,B5,37,CA,18000.0,0.0,37.6,9650.0,0.0,61th week,234.48, ,MORTGAGE,12000.0,w
13.91,60 months,D,credit_card,18.55,112xx,21000,D4,19,NY,100000.0,0.0,96.7,139554.110791886,213.562221669413,91th week,6042.27, ,MORTGAGE,32080.5729185358,f
4.56,36 months,D,small_business,18.25,960xx,9125,D3,29,CA,102000.0,0.0,16.2,59320.0,1213.0,57th week,1462.2,BAT2136391,RENT,16600.0,w
10.79,60 months,F,debt_consolidation,21.99,377xx,23075,F1,21,TN,62718.0,0.0,65.0,103015.0,0.0,17th week,1597.07,BAT4271519,RENT,6100.0,f
24.24,36 months,B,vacation,11.22,782xx,8000,B5,21,TX,70000.0,0.0,64.2,314063.0,0.0,4th week,89.76,BAT2803411,MORTGAGE,39700.0,w
26.02,36 months,A,debt_consolidation,6.89,137xx,15000,A3,39,NY,85000.0,0.0,58.9,53522.0,0.0,13th week,164.35,BAT2252229,RENT,33300.0,f
23.0,36 months,D,debt_consolidation,18.75,900xx,9500,D3,13,CA,65000.0,0.0,73.8,50701.0,0.0,9th week,294.71,BAT5811547,RENT,10900.0,w
19.22,36 months,B,debt_consolidation,9.17,112xx,10000,B2,21,NY,75000.0,0.0,24.9,32509.0,0.0,39th week,609.68,BAT1104812,RENT,44300.0,w
11.4,36 months,A,credit_card,6.92,660xx,15000,A4,26,KS,56000.0,0.0,76.2,206731.0,94.0,44th week,754.35,BAT4136152,MORTGAGE,19900.0,w
20.92,36 months,A,debt_consolidation,6.89,973xx,5500,A3,37,OR,60000.0,0.0,33.4,202315.0,0.0,31th week,200.05,BAT3726927,MORTGAGE,12000.0,w
15.39,60 months,D,debt_consolidation,15.41,620xx,21000,D1,16,IL,50000.0,0.0,78.4,126921.0,0.0,4th week,242.71,BAT1586599,MORTGAGE,42200.0,w
34.2,36 months,D,debt_consolidation,15.61,945xx,6000,D1,17,CA,60000.0,0.0,60.7,35413.0,0.0,22th week,362.48, ,RENT,2300.0,w
23.9,36 months,A,debt_consolidation,6.24,015xx,6400,A2,33,MA,135000.0,0.0,98.3,279508.0,0.0,9th week,62.39,BAT1586599,MORTGAGE,30000.0,f
10.38,36 months,D,credit_card,15.61,070xx,35000,D1,50,NJ,127000.0,0.0,72.0,385631.0,0.0,65th week,5764.28,BAT2078974,MORTGAGE,21800.0,f
16.57,36 months,A,credit_card,6.62,944xx,21000,A2,20,CA,200000.0,0.0,52.9,1516691.0,0.0,109th week,1982.15,BAT5629144,MORTGAGE,62000.0,f
21.39,36 months,B,debt_consolidation,11.48,029xx,20000,B5,11,RI,50000.0,0.0,72.2,37582.0,0.0,NAth week,0.0,BAT2803411,OWN,32100.0,w
4.12,60 months,C,home_improvement,14.99,660xx,28000,C5,24,KS,150000.0,0.0,64.1,194476.0,0.0,74th week,5373.76,BAT3193689,MORTGAGE,6600.0,w
29.66,60 months,C,credit_card,15.31,170xx,15750,C4,18,PA,35000.0,0.0,89.7,36289.0,0.0,96th week,3899.14,BAT2522922,RENT,15900.0,w
29.19,36 months,E,debt_consolidation,19.19,245xx,35000,E3,24,VA,80000.0,0.0,53.6,148701.0,0.0,35th week,3630.02,BAT1184694,MORTGAGE,17300.0,f
18.91,36 months,C,debt_consolidation,14.65,750xx,3000,C5,8,TX,35000.0,0.0,52.4,15076.0,0.0,35th week,250.27, ,OWN,9000.0,f
16.73,36 months,C,debt_consolidation,12.23,953xx,14000,C1,11,CA,32000.0,0.0,65.2,139554.110791886,213.562221669413,157th week,2790.29,BAT1273836,RENT,32080.5729185358,f
18.91,36 months,D,debt_consolidation,18.75,123xx,8000,D3,50,NY,86000.0,0.0,92.1,185751.0,0.0,135th week,2468.33,BAT5849876,RENT,31300.0,f
4.02,36 months,B,debt_consolidation,10.65,928xx,10000,B2,11,CA,63000.0,0.0,75.4,139554.110791886,213.562221669413,108th week,1539.22, ,MORTGAGE,32080.5729185358,f
20.92,36 months,A,debt_consolidation,7.26,019xx,10000,A4,11,MA,30000.0,0.0,14.2,13197.0,0.0,9th week,115.46, ,RENT,38300.0,w
35.77,36 months,D,debt_consolidation,17.57,481xx,12000,D4,37,MI,52000.0,0.0,35.6,176664.0,0.0,26th week,985.26, ,MORTGAGE,58200.0,f
13.63,36 months,A,credit_card,6.92,560xx,18000,A4,24,MN,65000.0,0.0,65.8,24501.0,0.0,44th week,825.39, ,RENT,31800.0,w
27.1,36 months,B,home_improvement,13.11,546xx,12000,B4,39,WI,55000.0,0.0,70.2,124873.0,0.0,139th week,2541.45,BAT1467036,MORTGAGE,23000.0,f
10.98,60 months,D,debt_consolidation,15.61,198xx,13700,D1,12,DE,30500.0,0.0,49.3,138400.0,0.0,61th week,2265.12,BAT2333412,MORTGAGE,31700.0,w
22.43,60 months,D,debt_consolidation,15.99,890xx,35000,D2,20,NV,77000.0,0.0,52.5,96592.0,0.0,52th week,5211.71,BAT4694572,MORTGAGE,60700.0,w
32.88,36 months,C,debt_consolidation,16.29,891xx,8000,C4,25,NV,36100.0,0.0,91.0,70241.0,0.0,156th week,2166.44, ,RENT,8000.0,f
22.02,36 months,E,wedding,21.97,207xx,25600,E5,15,MD,88000.0,0.0,87.9,139554.110791886,213.562221669413,135th week,5936.56, ,RENT,32080.5729185358,f
21.02,60 months,D,debt_consolidation,19.05,592xx,24000,D4,25,MT,102000.0,0.0,56.7,139554.110791886,213.562221669413,48th week,3953.32,BAT1135695,MORTGAGE,32080.5729185358,f
10.96,36 months,A,credit_card,7.89,951xx,16000,A5,29,CA,180000.0,0.0,59.0,159741.0,0.0,39th week,844.75,BAT1104812,OWN,59800.0,w
26.17,60 months,D,debt_consolidation,16.55,606xx,31000,D2,35,IL,115000.0,0.0,62.8,287399.0,557.0,9th week,793.45,BAT1586599,MORTGAGE,82100.0,w
15.02,36 months,A,debt_consolidation,5.32,701xx,10000,A1,20,LA,70000.0,0.0,35.5,36936.0,0.0,26th week,245.86, ,OWN,47500.0,w
9.71,36 months,C,home_improvement,12.99,379xx,10000,C2,21,TN,68000.0,0.0,52.8,70683.0,0.0,48th week,1042.88,BAT4694572,MORTGAGE,8500.0,w
0.6,36 months,A,home_improvement,6.03,310xx,3000,A1,21,GA,50000.0,0.0,10.0,139554.110791886,213.562221669413,156th week,286.76, ,MORTGAGE,32080.5729185358,f
24.15,36 months,B,credit_card,9.99,338xx,7200,B1,20,FL,32000.0,0.0,38.0,24181.0,0.0,43th week,532.7,BAT1930365,RENT,22200.0,f
12.42,36 months,A,debt_consolidation,7.89,024xx,12000,A5,16,MA,31896.11,0.0,48.5,11386.0,0.0,44th week,694.45,BAT4136152,MORTGAGE,23500.0,w
23.36,36 months,A,credit_card,6.89,032xx,10500,A3,36,NH,45000.0,0.0,48.8,33983.0,0.0,4th week,56.27,BAT2803411,RENT,20500.0,w
19.77,60 months,C,credit_card,13.99,081xx,32000,C4,28,NJ,109000.0,0.0,62.6,65305.0,0.0,22th week,1796.66,BAT1780517,MORTGAGE,16400.0,w
5.6,60 months,C,debt_consolidation,14.48,917xx,10000,C5,14,CA,51000.0,0.0,52.4,9801.0,0.0,4th week,124.69,BAT2803411,OWN,18700.0,w
10.17,36 months,A,credit_card,6.92,604xx,6400,A4,44,IL,68000.0,0.0,36.8,366381.0,0.0,26th week,212.13,BAT4136152,MORTGAGE,42200.0,f
13.89,36 months,B,credit_card,10.99,152xx,3400,B2,16,PA,33000.0,0.0,29.3,16474.0,0.0,87th week,475.31,BAT5489674,RENT,15500.0,w
20.24,60 months,E,debt_consolidation,18.25,441xx,20000,E1,26,OH,190000.0,0.0,85.1,629559.0,197.0,39th week,2600.09, ,MORTGAGE,13300.0,f
11.76,36 months,B,credit_card,9.99,112xx,16000,B3,36,NY,100000.0,0.0,40.9,85788.0,0.0,44th week,1185.35,BAT4136152,RENT,33000.0,f
27.85,60 months,B,debt_consolidation,11.53,300xx,23000,B5,32,GA,85000.0,0.0,66.7,275719.0,0.0,31th week,1503.2,BAT3726927,MORTGAGE,77000.0,f
6.35,60 months,C,debt_consolidation,15.22,840xx,15000,C3,22,UT,140000.0,0.0,82.1,375571.0,0.0,122th week,4419.83,BAT5525466,MORTGAGE,18800.0,f
16.3,60 months,B,home_improvement,10.99,331xx,15600,B3,26,FL,115000.0,0.0,59.9,334384.0,0.0,78th week,2282.78, ,MORTGAGE,38100.0,w
10.21,60 months,B,house,12.35,436xx,18000,B4,24,OH,65000.0,0.0,63.3,235762.0,0.0,126th week,4256.19, ,RENT,22700.0,f
20.97,36 months,A,debt_consolidation,7.49,627xx,18000,A4,34,IL,65000.0,0.0,84.7,34563.0,0.0,52th week,1144.99,BAT4694572,RENT,19500.0,f
17.17,60 months,C,debt_consolidation,12.39,322xx,21000,C1,50,FL,95000.0,0.0,78.2,622516.0,0.0,57th week,2591.37,BAT4722912,MORTGAGE,28400.0,w
